,ZIP,NUMB,ZIP_END,lng_start,lat_start,lng_end,lat_end,distance_metres,zip_tot_dist,distance_reed_pdx,RPK,portland_native,foreign_airport,international,pdx_airport
1,1037,1,97218,-72.19,42.38,-122.59,45.58,3986128.873,3986128.873,20.9215,90,no,,no,pdx
2,1068,1,97218,-72.05,42.35,-122.59,45.58,3998036.985,3998036.985,20.9215,90,no,,no,pdx
3,1072,1,97218,-72.42,42.46,-122.59,45.58,3965254.757,3965254.757,20.9215,90,no,,no,pdx
4,1075,1,97218,-72.58,42.26,-122.59,45.58,3961730.065,3961730.065,20.9215,90,no,,no,pdx
5,1267,1,97218,-73.3,42.6,-122.59,45.58,3892581.465,3892581.465,20.9215,90,no,,no,pdx
6,1451,1,97218,-71.58,42.5,-122.59,45.58,4027135.585,4027135.585,20.9215,90,no,,no,pdx
7,1568,1,97218,-71.6,42.18,-122.59,45.58,4039558.885,4039558.885,20.9215,90,no,,no,pdx
8,1730,1,97218,-71.28,42.5,-122.59,45.58,4049820.743,4049820.743,20.9215,90,no,,no,pdx
9,1748,1,97218,-71.53,42.23,-122.59,45.58,4042670.377,4042670.377,20.9215,90,no,,no,pdx
10,1772,1,97218,-71.54,42.3,-122.59,45.58,4038850.28,4038850.28,20.9215,90,no,,no,pdx
11,1776,1,97218,-71.42,42.39,-122.59,45.58,4044010.728,4044010.728,20.9215,90,no,,no,pdx
12,1801,2,97218,-71.16,42.49,-122.59,45.58,4059325.058,8118650.116,20.9215,90,no,,no,pdx
13,1810,1,97218,-71.17,42.65,-122.59,45.58,4051648.669,4051648.669,20.9215,90,no,,no,pdx
14,1845,1,97218,-71.08,42.67,-122.59,45.58,4057580.865,4057580.865,20.9215,90,no,,no,pdx
15,1945,1,97218,-70.84,42.51,-122.59,45.58,4082630.626,4082630.626,20.9215,90,no,,no,pdx
16,2043,1,97218,-70.88,42.22,-122.59,45.58,4092328.205,4092328.205,20.9215,90,no,,no,pdx
17,2050,1,97218,-70.7,42.1,-122.59,45.58,4111273.825,4111273.825,20.9215,90,no,,no,pdx
18,2066,1,97218,-70.77,42.21,-122.59,45.58,4101093.437,4101093.437,20.9215,90,no,,no,pdx
19,2067,1,97218,-71.19,42.11,-122.59,45.58,4073718.387,4073718.387,20.9215,90,no,,no,pdx
20,2130,2,97218,-71.12,42.31,-122.59,45.58,4070206.521,8140413.041,20.9215,90,no,,no,pdx
21,2138,1,97218,-71.13,42.38,-122.59,45.58,4066385.629,4066385.629,20.9215,90,no,,no,pdx
22,2140,1,97218,-71.13,42.39,-122.59,45.58,4065948.767,4065948.767,20.9215,90,no,,no,pdx
23,2143,1,97218,-71.1,42.38,-122.59,45.58,4068654.47,4068654.47,20.9215,90,no,,no,pdx
24,2145,1,97218,-71.09,42.39,-122.59,45.58,4068973.655,4068973.655,20.9215,90,no,,no,pdx
25,2148,1,97218,-71.05,42.43,-122.59,45.58,4070251.436,4070251.436,20.9215,90,no,,no,pdx
26,2176,1,97218,-71.06,42.46,-122.59,45.58,4068187.847,4068187.847,20.9215,90,no,,no,pdx
27,2356,1,97218,-71.12,42.06,-122.59,45.58,4081239.849,4081239.849,20.9215,90,no,,no,pdx
28,2375,1,97218,-71.11,42.02,-122.59,45.58,4083775.998,4083775.998,20.9215,90,no,,no,pdx
29,2420,2,97218,-71.22,42.46,-122.59,45.58,4056093.219,8112186.438,20.9215,90,no,,no,pdx
30,2421,1,97218,-71.23,42.44,-122.59,45.58,4056206.987,4056206.987,20.9215,90,no,,no,pdx
31,2446,1,97218,-71.12,42.34,-122.59,45.58,4068891.793,4068891.793,20.9215,90,no,,no,pdx
32,2451,1,97218,-71.26,42.4,-122.59,45.58,4055680.14,4055680.14,20.9215,90,no,,no,pdx
33,2458,1,97218,-71.19,42.35,-122.59,45.58,4063158.527,4063158.527,20.9215,90,no,,no,pdx
34,2460,1,97218,-71.21,42.35,-122.59,45.58,4061645.394,4061645.394,20.9215,90,no,,no,pdx
35,2465,1,97218,-71.23,42.35,-122.59,45.58,4060132.197,4060132.197,20.9215,90,no,,no,pdx
36,2467,1,97218,-71.16,42.32,-122.59,45.58,4066741.569,4066741.569,20.9215,90,no,,no,pdx
37,2468,1,97218,-71.23,42.33,-122.59,45.58,4061006.913,4061006.913,20.9215,90,no,,no,pdx
38,2472,1,97218,-71.18,42.37,-122.59,45.58,4063040.74,4063040.74,20.9215,90,no,,no,pdx
39,2474,1,97218,-71.16,42.42,-122.59,45.58,4062371.135,4062371.135,20.9215,90,no,,no,pdx
40,2476,1,97218,-71.18,42.42,-122.59,45.58,4060858.804,4060858.804,20.9215,90,no,,no,pdx
41,2478,1,97218,-71.18,42.4,-122.59,45.58,4061730.912,4061730.912,20.9215,90,no,,no,pdx
42,2536,1,97218,-70.56,41.6,-122.59,45.58,4144436.639,4144436.639,20.9215,90,no,,no,pdx
43,2632,1,97218,-70.35,41.66,-122.59,45.58,4157633.825,4157633.825,20.9215,90,no,,no,pdx
44,2720,1,97218,-71.1,41.72,-122.59,45.58,4097984.026,4097984.026,20.9215,90,no,,no,pdx
45,2740,1,97218,-70.94,41.64,-122.59,45.58,4113758.91,4113758.91,20.9215,90,no,,no,pdx
46,2889,1,97218,-71.39,41.7,-122.59,45.58,4076854.428,4076854.428,20.9215,90,no,,no,pdx
47,2905,1,97218,-71.4,41.79,-122.59,45.58,4072047.46,4072047.46,20.9215,90,no,,no,pdx
48,2906,1,97218,-71.39,41.84,-122.59,45.58,4070566.158,4070566.158,20.9215,90,no,,no,pdx
49,2909,1,97218,-71.45,41.82,-122.59,45.58,4066904.988,4066904.988,20.9215,90,no,,no,pdx
50,3431,2,97218,-72.3,43,-122.59,45.58,3951504.96,7903009.921,20.9215,90,no,,no,pdx
51,3801,1,97218,-70.8,43.07,-122.59,45.58,4061595.622,4061595.622,20.9215,90,no,,no,pdx
52,3820,1,97218,-70.89,43.19,-122.59,45.58,4049768.356,4049768.356,20.9215,90,no,,no,pdx
53,3833,1,97218,-71,43,-122.59,45.58,4049510.877,4049510.877,20.9215,90,no,,no,pdx
54,4530,1,97218,-69.8,43.9,-122.59,45.58,4101886.786,4101886.786,20.9215,90,no,,no,pdx
55,4609,1,97218,-68.3,44.4,-122.59,45.58,4192807.512,4192807.512,20.9215,90,no,,no,pdx
56,4640,1,97218,-68.3,44.53,-122.59,45.58,4187509.81,4187509.81,20.9215,90,no,,no,pdx
57,4679,1,97218,-68.34,44.28,-122.59,45.58,4194768.159,4194768.159,20.9215,90,no,,no,pdx
58,5055,2,97218,-72.3,43.8,-122.59,45.58,3918921.352,7837842.704,20.9215,90,no,,no,pdx
59,5301,1,97218,-72.7,42.8,-122.59,45.58,3929634.254,3929634.254,20.9215,90,no,,no,pdx
60,5462,1,97218,-73,44.3,-122.59,45.58,3846978.86,3846978.86,20.9215,90,no,,no,pdx
61,5465,1,97218,-72.9,44.5,-122.59,45.58,3846874.954,3846874.954,20.9215,90,no,,no,pdx
62,6069,1,97218,-73.44,41.86,-122.59,45.58,3913711.173,3913711.173,20.9215,90,no,,no,pdx
63,6355,1,97218,-71.98,41.37,-122.59,45.58,4046893.569,4046893.569,20.9215,90,no,,no,pdx
64,6405,1,97218,-72.8,41.28,-122.59,45.58,3988408.791,3988408.791,20.9215,90,no,,no,pdx
65,6410,1,97218,-72.91,41.51,-122.59,45.58,3969637.786,3969637.786,20.9215,90,no,,no,pdx
66,6482,1,97218,-73.25,41.41,-122.59,45.58,3948163.652,3948163.652,20.9215,90,no,,no,pdx
67,6840,1,97218,-73.5,41.16,-122.59,45.58,3940329.936,3940329.936,20.9215,90,no,,no,pdx
68,6880,1,97218,-73.34,41.14,-122.59,45.58,3953482.763,3953482.763,20.9215,90,no,,no,pdx
69,7028,1,97218,-74.21,40.81,-122.59,45.58,3901878.029,3901878.029,20.9215,90,no,,no,pdx
70,7047,1,97218,-74.02,40.79,-122.59,45.58,3917380.295,3917380.295,20.9215,90,no,,no,pdx
71,7076,1,97218,-74.37,40.64,-122.59,45.58,3897419.56,3897419.56,20.9215,90,no,,no,pdx
72,7090,1,97218,-74.35,40.65,-122.59,45.58,3898494.202,3898494.202,20.9215,90,no,,no,pdx
73,7722,1,97218,-74.16,40.29,-122.59,45.58,3929898.434,3929898.434,20.9215,90,no,,no,pdx
74,7728,1,97218,-74.3,40.2,-122.59,45.58,3923369.127,3923369.127,20.9215,90,no,,no,pdx
75,7853,1,97218,-74.8,40.79,-122.59,45.58,3857480.482,3857480.482,20.9215,90,no,,no,pdx
76,7866,1,97218,-74.5,40.94,-122.59,45.58,3873679.049,3873679.049,20.9215,90,no,,no,pdx
77,7901,1,97218,-74.36,40.71,-122.59,45.58,3894957.582,3894957.582,20.9215,90,no,,no,pdx
78,7932,1,97218,-74.4,40.77,-122.59,45.58,3889125.696,3889125.696,20.9215,90,no,,no,pdx
79,7934,1,97218,-74.68,40.72,-122.59,45.58,3869910.197,3869910.197,20.9215,90,no,,no,pdx
80,8003,1,97218,-74.97,39.89,-122.59,45.58,3886452.871,3886452.871,20.9215,90,no,,no,pdx
81,8053,1,97218,-74.91,39.85,-122.59,45.58,3892994.425,3892994.425,20.9215,90,no,,no,pdx
82,8540,1,97218,-74.7,40.4,-122.59,45.58,3883187.036,3883187.036,20.9215,90,no,,no,pdx
83,8550,1,97218,-74.62,40.28,-122.59,45.58,3894963.207,3894963.207,20.9215,90,no,,no,pdx
84,8628,1,97218,-74.82,40.27,-122.59,45.58,3880030.53,3880030.53,20.9215,90,no,,no,pdx
85,8648,1,97218,-74.72,40.28,-122.59,45.58,3887262.9,3887262.9,20.9215,90,no,,no,pdx
86,8887,1,97218,-74.79,40.52,-122.59,45.58,3870680.271,3870680.271,20.9215,90,no,,no,pdx
87,8904,3,97218,-74.43,40.5,-122.59,45.58,3899299.788,11697899.36,20.9215,90,no,,no,pdx
88,10002,2,97218,-73.99,40.72,-122.59,45.58,3922909.618,7845819.236,20.9215,90,no,,no,pdx
89,10010,1,97218,-73.98,40.73,-122.59,45.58,3923215.565,3923215.565,20.9215,90,no,,no,pdx
90,10011,2,97218,-74,40.74,-122.59,45.58,3921218.866,7842437.732,20.9215,90,no,,no,pdx
91,10014,1,97218,-74.01,40.74,-122.59,45.58,3920451.245,3920451.245,20.9215,90,no,,no,pdx
92,10023,2,97218,-73.98,40.78,-122.59,45.58,3920910.369,7841820.738,20.9215,90,no,,no,pdx
93,10024,1,97218,-73.97,40.81,-122.59,45.58,3920297.312,3920297.312,20.9215,90,no,,no,pdx
94,10025,3,97218,-73.97,40.8,-122.59,45.58,3920757.248,11762271.74,20.9215,90,no,,no,pdx
95,10026,1,97218,-73.953,40.801,-122.59,45.58,3922015.722,3922015.722,20.9215,90,no,,no,pdx
96,10027,3,97218,-73.96,40.81,-122.59,45.58,3921064.623,11763193.87,20.9215,90,no,,no,pdx
97,10030,1,97218,-73.943,40.818,-122.59,45.58,3922001.157,3922001.157,20.9215,90,no,,no,pdx
98,10032,1,97218,-73.94,40.84,-122.59,45.58,3921220.432,3921220.432,20.9215,90,no,,no,pdx
99,10033,1,97218,-73.94,40.84,-122.59,45.58,3921220.432,3921220.432,20.9215,90,no,,no,pdx
100,10035,1,97218,-73.93,40.8,-122.59,45.58,3923826.563,3923826.563,20.9215,90,no,,no,pdx
101,10040,2,97218,-73.93,40.86,-122.59,45.58,3921069.475,7842138.951,20.9215,90,no,,no,pdx
102,10128,1,97218,-73.95,40.78,-122.59,45.58,3923212.636,3923212.636,20.9215,90,no,,no,pdx
103,10463,1,97218,-73.91,40.89,-122.59,45.58,3921227.919,3921227.919,20.9215,90,no,,no,pdx
104,10502,1,97218,-73.84,41.01,-122.59,45.58,3921110.8,3921110.8,20.9215,90,no,,no,pdx
105,10516,1,97218,-73.91,41.45,-122.59,45.58,3895928.345,3895928.345,20.9215,90,no,,no,pdx
106,10522,1,97218,-73.87,41.01,-122.59,45.58,3918811.575,3918811.575,20.9215,90,no,,no,pdx
107,10562,1,97218,-73.82,41.19,-122.59,45.58,3914475.955,3914475.955,20.9215,90,no,,no,pdx
108,10580,2,97218,-73.69,40.98,-122.59,45.58,3933975.148,7867950.296,20.9215,90,no,,no,pdx
109,10583,1,97218,-73.79,40.99,-122.59,45.58,3925854.908,3925854.908,20.9215,90,no,,no,pdx
110,10705,1,97218,-73.89,40.92,-122.59,45.58,3921387.913,3921387.913,20.9215,90,no,,no,pdx
111,10706,2,97218,-73.86,40.99,-122.59,45.58,3920489.785,7840979.569,20.9215,90,no,,no,pdx
112,10960,1,97218,-73.93,41.08,-122.59,45.58,3911030.645,3911030.645,20.9215,90,no,,no,pdx
113,10983,1,97218,-73.95,41.03,-122.59,45.58,3911769.56,3911769.56,20.9215,90,no,,no,pdx
114,11106,1,97218,-73.94,40.76,-122.59,45.58,3924901.723,3924901.723,20.9215,90,no,,no,pdx
115,11201,1,97218,-73.99,40.7,-122.59,45.58,3923833.673,3923833.673,20.9215,90,no,,no,pdx
116,11205,1,97218,-73.97,40.7,-122.59,45.58,3925369.144,3925369.144,20.9215,90,no,,no,pdx
117,11213,1,97218,-73.94,40.67,-122.59,45.58,3929060.592,3929060.592,20.9215,90,no,,no,pdx
118,11215,6,97218,-73.98,40.67,-122.59,45.58,3925989.313,23555935.88,20.9215,90,no,,no,pdx
119,11216,1,97218,-73.95,40.68,-122.59,45.58,3927829.822,3927829.822,20.9215,90,no,,no,pdx
120,11217,1,97218,-73.98,40.68,-122.59,45.58,3925526.453,3925526.453,20.9215,90,no,,no,pdx
121,11218,1,97218,-73.98,40.65,-122.59,45.58,3926915.714,3926915.714,20.9215,90,no,,no,pdx
122,11226,2,97218,-73.96,40.65,-122.59,45.58,3928451.524,7856903.048,20.9215,90,no,,no,pdx
123,11231,1,97218,-74,40.68,-122.59,45.58,3923990.81,3923990.81,20.9215,90,no,,no,pdx
124,11234,1,97218,-73.89,40.61,-122.59,45.58,3935683.289,3935683.289,20.9215,90,no,,no,pdx
125,11238,2,97218,-73.96,40.68,-122.59,45.58,3927062.045,7854124.09,20.9215,90,no,,no,pdx
126,11372,1,97218,-73.88,40.75,-122.59,45.58,3929967.689,3929967.689,20.9215,90,no,,no,pdx
127,11375,2,97218,-73.85,40.72,-122.59,45.58,3933655.828,7867311.656,20.9215,90,no,,no,pdx
128,11692,1,97218,-73.8,40.59,-122.59,45.58,3943524.74,3943524.74,20.9215,90,no,,no,pdx
129,11753,1,97218,-73.54,40.79,-122.59,45.58,3954203.369,3954203.369,20.9215,90,no,,no,pdx
130,11786,1,97218,-72.88,40.94,-122.59,45.58,3997844.89,3997844.89,20.9215,90,no,,no,pdx
131,11963,1,97218,-72.32,40.99,-122.59,45.58,4038370.98,4038370.98,20.9215,90,no,,no,pdx
132,12106,1,97218,-73.7,42.39,-122.59,45.58,3871078.967,3871078.967,20.9215,90,no,,no,pdx
133,12534,1,97218,-73.7,42.2,-122.59,45.58,3879178.781,3879178.781,20.9215,90,no,,no,pdx
134,12561,1,97218,-74.1,41.8,-122.59,45.58,3865982.79,3865982.79,20.9215,90,no,,no,pdx
135,13111,1,97218,-76.62,43.26,-122.59,45.58,3613793.077,3613793.077,20.9215,90,no,,no,pdx
136,13323,1,97218,-75.39,43.04,-122.59,45.58,3715895.146,3715895.146,20.9215,90,no,,no,pdx
137,14221,1,97218,-78.73,42.99,-122.59,45.58,3463387.882,3463387.882,20.9215,90,no,,no,pdx
138,14226,1,97218,-78.79,42.98,-122.59,45.58,3459186.217,3459186.217,20.9215,90,no,,no,pdx
139,14472,1,97218,-77.6,43,-122.59,45.58,3549274.268,3549274.268,20.9215,90,no,,no,pdx
140,14850,1,97218,-76.5,42.4,-122.59,45.58,3657256.14,3657256.14,20.9215,90,no,,no,pdx
141,15218,1,97218,-79.89,40.42,-122.59,45.58,3481385.34,3481385.34,20.9215,90,no,,no,pdx
142,15238,2,97218,-79.88,40.54,-122.59,45.58,3476769.337,6953538.673,20.9215,90,no,,no,pdx
143,15601,1,97218,-79.5,40.3,-122.59,45.58,3517039.941,3517039.941,20.9215,90,no,,no,pdx
144,16801,1,97218,-77.9,40.8,-122.59,45.58,3618259.07,3618259.07,20.9215,90,no,,no,pdx
145,17011,1,97218,-76.93,40.24,-122.59,45.58,3718652.762,3718652.762,20.9215,90,no,,no,pdx
146,17050,1,97218,-77.02,40.25,-122.59,45.58,3711235.755,3711235.755,20.9215,90,no,,no,pdx
147,17972,1,97218,-76.2,40.6,-122.59,45.58,3758420.537,3758420.537,20.9215,90,no,,no,pdx
148,18017,1,97218,-75.39,40.66,-122.59,45.58,3818058.714,3818058.714,20.9215,90,no,,no,pdx
149,18049,1,97218,-75.5,40.52,-122.59,45.58,3816025.49,3816025.49,20.9215,90,no,,no,pdx
150,18062,1,97218,-75.59,40.5,-122.59,45.58,3810015.436,3810015.436,20.9215,90,no,,no,pdx
151,18940,2,97218,-74.96,40.26,-122.59,45.58,3869714.955,7739429.911,20.9215,90,no,,no,pdx
152,19002,1,97218,-75.22,40.18,-122.59,45.58,3853432.584,3853432.584,20.9215,90,no,,no,pdx
153,19031,1,97218,-75.22,40.11,-122.59,45.58,3856728.31,3856728.31,20.9215,90,no,,no,pdx
154,19035,1,97218,-75.27,40.05,-122.59,45.58,3855705.179,3855705.179,20.9215,90,no,,no,pdx
155,19046,1,97218,-75.11,40.1,-122.59,45.58,3865682.877,3865682.877,20.9215,90,no,,no,pdx
156,19067,1,97218,-74.81,40.2,-122.59,45.58,3884091.094,3884091.094,20.9215,90,no,,no,pdx
157,19103,2,97218,-75.17,39.95,-122.59,45.58,3868162.068,7736324.136,20.9215,90,no,,no,pdx
158,19119,1,97218,-75.19,40.05,-122.59,45.58,3861876.306,3861876.306,20.9215,90,no,,no,pdx
159,19139,1,97218,-75.23,39.96,-122.59,45.58,3863056.949,3863056.949,20.9215,90,no,,no,pdx
160,19143,1,97218,-75.22,39.94,-122.59,45.58,3864779.218,3864779.218,20.9215,90,no,,no,pdx
161,19446,1,97218,-75.29,40.23,-122.59,45.58,3845689.411,3845689.411,20.9215,90,no,,no,pdx
162,19610,1,97218,-75.98,40.34,-122.59,45.58,3787354.06,3787354.06,20.9215,90,no,,no,pdx
163,19803,1,97218,-75.53,39.8,-122.59,45.58,3847518.356,3847518.356,20.9215,90,no,,no,pdx
164,20001,1,97218,-77.02,38.91,-122.59,45.58,3775422.963,3775422.963,20.9215,90,no,,no,pdx
165,20002,1,97218,-76.98,38.91,-122.59,45.58,3778526.639,3778526.639,20.9215,90,no,,no,pdx
166,20007,2,97218,-77.08,38.92,-122.59,45.58,3770272.635,7540545.269,20.9215,90,no,,no,pdx
167,20008,1,97218,-77.06,38.93,-122.59,45.58,3771330.146,3771330.146,20.9215,90,no,,no,pdx
168,20016,1,97218,-77.09,38.94,-122.59,45.58,3768508.234,3768508.234,20.9215,90,no,,no,pdx
169,20147,1,97218,-77.48,39.05,-122.59,45.58,3732830.055,3732830.055,20.9215,90,no,,no,pdx
170,20165,1,97218,-77.39,39.05,-122.59,45.58,3739813.806,3739813.806,20.9215,90,no,,no,pdx
171,20170,1,97218,-77.38,38.98,-122.59,45.58,3744031.339,3744031.339,20.9215,90,no,,no,pdx
172,20619,1,97218,-76.52,38.29,-122.59,45.58,3845387.533,3845387.533,20.9215,90,no,,no,pdx
173,20639,1,97218,-76.6,38.61,-122.59,45.58,3822978.144,3822978.144,20.9215,90,no,,no,pdx
174,20782,1,97218,-76.97,38.97,-122.59,45.58,3776337.187,3776337.187,20.9215,90,no,,no,pdx
175,20785,1,97218,-76.89,38.92,-122.59,45.58,3785014.494,3785014.494,20.9215,90,no,,no,pdx
176,20815,1,97218,-77.08,38.98,-122.59,45.58,3767309.997,3767309.997,20.9215,90,no,,no,pdx
177,20817,2,97218,-77.16,39,-122.59,45.58,3760117.665,7520235.329,20.9215,90,no,,no,pdx
178,20837,1,97218,-77.43,39.12,-122.59,45.58,3733280.642,3733280.642,20.9215,90,no,,no,pdx
179,20850,1,97218,-77.19,39.09,-122.59,45.58,3753368.042,3753368.042,20.9215,90,no,,no,pdx
180,20854,3,97218,-77.2,39,-122.59,45.58,3757014.155,11271042.46,20.9215,90,no,,no,pdx
181,20866,1,97218,-76.92,39.11,-122.59,45.58,3773327.888,3773327.888,20.9215,90,no,,no,pdx
182,20878,1,97218,-77.25,39.11,-122.59,45.58,3747733.847,3747733.847,20.9215,90,no,,no,pdx
183,20905,1,97218,-76.99,39.12,-122.59,45.58,3767409.466,3767409.466,20.9215,90,no,,no,pdx
184,20910,1,97218,-77.04,39,-122.59,45.58,3769427.452,3769427.452,20.9215,90,no,,no,pdx
185,20912,1,97218,-77,38.98,-122.59,45.58,3773516.474,3773516.474,20.9215,90,no,,no,pdx
186,21046,1,97218,-76.84,39.17,-122.59,45.58,3776592.085,3776592.085,20.9215,90,no,,no,pdx
187,21210,1,97218,-76.63,39.35,-122.59,45.58,3784095.058,3784095.058,20.9215,90,no,,no,pdx
188,21218,1,97218,-76.6,39.33,-122.59,45.58,3787390.472,3787390.472,20.9215,90,no,,no,pdx
189,21409,1,97218,-76.45,39.02,-122.59,45.58,3814196.593,3814196.593,20.9215,90,no,,no,pdx
190,21801,1,97218,-75.64,38.38,-122.59,45.58,3909116.68,3909116.68,20.9215,90,no,,no,pdx
191,22101,2,97218,-77.16,38.94,-122.59,45.58,3763076.55,7526153.101,20.9215,90,no,,no,pdx
192,22102,1,97218,-77.23,38.93,-122.59,45.58,3758138.321,3758138.321,20.9215,90,no,,no,pdx
193,22180,1,97218,-77.25,38.9,-122.59,45.58,3758068.963,3758068.963,20.9215,90,no,,no,pdx
194,22181,1,97218,-77.29,38.9,-122.59,45.58,3754964.395,3754964.395,20.9215,90,no,,no,pdx
195,22207,1,97218,-77.12,38.91,-122.59,45.58,3767663.242,3767663.242,20.9215,90,no,,no,pdx
196,22303,1,97218,-77.08,38.79,-122.59,45.58,3776720.352,3776720.352,20.9215,90,no,,no,pdx
197,22408,1,97218,-77.4,38.2,-122.59,45.58,3781597.121,3781597.121,20.9215,90,no,,no,pdx
198,22939,1,97218,-78.97,38.1,-122.59,45.58,3664575.235,3664575.235,20.9215,90,no,,no,pdx
199,23451,1,97218,-76.03,36.86,-122.59,45.58,3958672.513,3958672.513,20.9215,90,no,,no,pdx
200,24401,1,97218,-79.1,38.1,-122.59,45.58,3654456.787,3654456.787,20.9215,90,no,,no,pdx
201,24450,1,97218,-79.5,37.8,-122.59,45.58,3638737.558,3638737.558,20.9215,90,no,,no,pdx
202,25302,1,97218,-81.58,38.4,-122.59,45.58,3446166.82,3446166.82,20.9215,90,no,,no,pdx
203,27104,1,97218,-80.32,36.1,-122.59,45.58,3666189.688,3666189.688,20.9215,90,no,,no,pdx
204,27278,1,97218,-79.1,36.1,-122.59,45.58,3761226.371,3761226.371,20.9215,90,no,,no,pdx
205,27312,1,97218,-79.2,35.8,-122.59,45.58,3770222.886,3770222.886,20.9215,90,no,,no,pdx
206,27514,1,97218,-79.04,35.97,-122.59,45.58,3773150.88,3773150.88,20.9215,90,no,,no,pdx
207,27517,2,97218,-79,35.8,-122.59,45.58,3785802.725,7571605.45,20.9215,90,no,,no,pdx
208,27713,2,97218,-78.92,35.89,-122.59,45.58,3786979.118,7573958.237,20.9215,90,no,,no,pdx
209,28270,1,97218,-80.76,35.11,-122.59,45.58,3688171.219,3688171.219,20.9215,90,no,,no,pdx
210,29209,1,97218,-81,33.9,-122.59,45.58,3741183.039,3741183.039,20.9215,90,no,,no,pdx
211,29418,1,97218,-80.06,32.89,-122.59,45.58,3876079.8,3876079.8,20.9215,90,no,,no,pdx
212,29466,1,97218,-79.79,32.87,-122.59,45.58,3898242.628,3898242.628,20.9215,90,no,,no,pdx
213,29527,1,97218,-79.2,33.8,-122.59,45.58,3886968.658,3886968.658,20.9215,90,no,,no,pdx
214,29617,1,97218,-82.47,34.91,-122.59,45.58,3566964.785,3566964.785,20.9215,90,no,,no,pdx
215,29672,2,97218,-82.95,34.76,-122.59,45.58,3538560.646,7077121.292,20.9215,90,no,,no,pdx
216,29926,1,97218,-80.75,32.22,-122.59,45.58,3864957.462,3864957.462,20.9215,90,no,,no,pdx
217,30030,1,97218,-84.29,33.77,-122.59,45.58,3494704.849,3494704.849,20.9215,90,no,,no,pdx
218,30040,1,97218,-84.2,34.2,-122.59,45.58,3475357.101,3475357.101,20.9215,90,no,,no,pdx
219,30054,1,97218,-83.86,33.68,-122.59,45.58,3533400.578,3533400.578,20.9215,90,no,,no,pdx
220,30076,1,97218,-84.31,34.02,-122.59,45.58,3477823.534,3477823.534,20.9215,90,no,,no,pdx
221,30306,2,97218,-84.35,33.79,-122.59,45.58,3488848.959,6977697.919,20.9215,90,no,,no,pdx
222,30312,1,97218,-84.38,33.74,-122.59,45.58,3489620.926,3489620.926,20.9215,90,no,,no,pdx
223,30318,1,97218,-84.44,33.79,-122.59,45.58,3481914.609,3481914.609,20.9215,90,no,,no,pdx
224,30319,1,97218,-84.35,33.86,-122.59,45.58,3484541.93,3484541.93,20.9215,90,no,,no,pdx
225,30324,2,97218,-84.36,33.82,-122.59,45.58,3486231.108,6972462.216,20.9215,90,no,,no,pdx
226,30338,2,97218,-84.32,33.94,-122.59,45.58,3481946.144,6963892.287,20.9215,90,no,,no,pdx
227,31419,1,97218,-81.2,32,-122.59,45.58,3844334.167,3844334.167,20.9215,90,no,,no,pdx
228,31905,1,97218,-84.8,32.4,-122.59,45.58,3542138.496,3542138.496,20.9215,90,no,,no,pdx
229,32207,1,97218,-81.64,30.27,-122.59,45.58,3924664.054,3924664.054,20.9215,90,no,,no,pdx
230,32459,1,97218,-86.2,30.4,-122.59,45.58,3570161.612,3570161.612,20.9215,90,no,,no,pdx
231,32514,1,97218,-87.21,30.55,-122.59,45.58,3484047.641,3484047.641,20.9215,90,no,,no,pdx
232,32603,1,97218,-82.348,29.656,-122.59,45.58,3912613.697,3912613.697,20.9215,90,no,,no,pdx
233,32952,1,97218,-80.7,28.3,-122.59,45.58,4132251.615,4132251.615,20.9215,90,no,,no,pdx
234,33029,1,97218,-80.4,25.99,-122.59,45.58,4321395.1,4321395.1,20.9215,90,no,,no,pdx
235,33156,1,97218,-80.29,25.66,-122.59,45.58,4354012.875,4354012.875,20.9215,90,no,,no,pdx
236,33186,1,97218,-80.41,25.66,-122.59,45.58,4345024.561,4345024.561,20.9215,90,no,,no,pdx
237,33304,1,97218,-80.12,26.15,-122.59,45.58,4330669.85,4330669.85,20.9215,90,no,,no,pdx
238,33428,1,97218,-80.4,26.5,-122.59,45.58,4284011.313,4284011.313,20.9215,90,no,,no,pdx
239,33432,1,97218,-80.08,26.35,-122.59,45.58,4319046.274,4319046.274,20.9215,90,no,,no,pdx
240,33703,1,97218,-82.62,27.82,-122.59,45.58,4021459.686,4021459.686,20.9215,90,no,,no,pdx
241,34243,1,97218,-82.52,27.4,-122.59,45.58,4059327.45,4059327.45,20.9215,90,no,,no,pdx
242,34429,1,97218,-82.6,28.9,-122.59,45.58,3946127.041,3946127.041,20.9215,90,no,,no,pdx
243,34677,1,97218,-82.68,28.04,-122.59,45.58,4001145.694,4001145.694,20.9215,90,no,,no,pdx
244,35000,1,97218,NA,NA,-122.59,45.58,NA,NA,20.9215,90,no,,no,pdx
245,35203,1,97218,-86.81,33.52,-122.59,45.58,3316853.621,3316853.621,20.9215,90,no,,no,pdx
246,35222,1,97218,-86.77,33.52,-122.59,45.58,3319910.976,3319910.976,20.9215,90,no,,no,pdx
247,35242,1,97218,-86.7,33.4,-122.59,45.58,3332850.856,3332850.856,20.9215,90,no,,no,pdx
248,36830,1,97218,-85.5,32.5,-122.59,45.58,3482187.232,3482187.232,20.9215,90,no,,no,pdx
249,37042,1,97218,-87.4,36.6,-122.59,45.58,3088224,3088224,20.9215,90,no,,no,pdx
250,37086,1,97218,-86.57,36.02,-122.59,45.58,3185095.638,3185095.638,20.9215,90,no,,no,pdx
251,37128,1,97218,-86.49,35.8,-122.59,45.58,3203863.203,3203863.203,20.9215,90,no,,no,pdx
252,37212,1,97218,-86.8,36.13,-122.59,45.58,3161050.235,3161050.235,20.9215,90,no,,no,pdx
253,37221,1,97218,-86.96,36.06,-122.59,45.58,3152647.152,3152647.152,20.9215,90,no,,no,pdx
254,37405,1,97218,-85.4,35.1,-122.59,45.58,3328857.457,3328857.457,20.9215,90,no,,no,pdx
255,37917,1,97218,-83.91,36,-122.59,45.58,3392488.544,3392488.544,20.9215,90,no,,no,pdx
256,38104,1,97218,-90,35.14,-122.59,45.58,2972870.521,2972870.521,20.9215,90,no,,no,pdx
257,38112,1,97218,-89.98,35.15,-122.59,45.58,2973792.086,2973792.086,20.9215,90,no,,no,pdx
258,38139,1,97218,-89.77,35.08,-122.59,45.58,2994074.655,2994074.655,20.9215,90,no,,no,pdx
259,38572,1,97218,-85.1,35.8,-122.59,45.58,3311486.995,3311486.995,20.9215,90,no,,no,pdx
260,38804,1,97218,-88.7,34.3,-122.59,45.58,3123659.33,3123659.33,20.9215,90,no,,no,pdx
261,40059,1,97218,-85.59,38.38,-122.59,45.58,3134768.162,3134768.162,20.9215,90,no,,no,pdx
262,40214,1,97218,-85.79,38.16,-122.59,45.58,3130309.6,3130309.6,20.9215,90,no,,no,pdx
263,40223,1,97218,-85.54,38.26,-122.59,45.58,3144707.292,3144707.292,20.9215,90,no,,no,pdx
264,43055,1,97218,-82.4,40.1,-122.59,45.58,3301036.865,3301036.865,20.9215,90,no,,no,pdx
265,43082,1,97218,-82.87,40.16,-122.59,45.58,3261778.735,3261778.735,20.9215,90,no,,no,pdx
266,43085,1,97218,-83.01,40.1,-122.59,45.58,3253607.863,3253607.863,20.9215,90,no,,no,pdx
267,43209,1,97218,-82.93,39.95,-122.59,45.58,3266663.94,3266663.94,20.9215,90,no,,no,pdx
268,43212,1,97218,-83.04,39.99,-122.59,45.58,3256278.732,3256278.732,20.9215,90,no,,no,pdx
269,43220,1,97218,-83.07,40.05,-122.59,45.58,3251211.585,3251211.585,20.9215,90,no,,no,pdx
270,43512,1,97218,-84.4,41.3,-122.59,45.58,3093499.552,3093499.552,20.9215,90,no,,no,pdx
271,44024,1,97218,-81.2,41.6,-122.59,45.58,3328941.723,3328941.723,20.9215,90,no,,no,pdx
272,44122,3,97218,-81.51,41.47,-122.59,45.58,3310379.168,9931137.505,20.9215,90,no,,no,pdx
273,44145,1,97218,-81.92,41.44,-122.59,45.58,3279910.419,3279910.419,20.9215,90,no,,no,pdx
274,45135,1,97218,-83.5,39.4,-122.59,45.58,3247891.999,3247891.999,20.9215,90,no,,no,pdx
275,45249,1,97218,-84.33,39.27,-122.59,45.58,3189413.241,3189413.241,20.9215,90,no,,no,pdx
276,45387,1,97218,-83.9,39.8,-122.59,45.58,3198069.173,3198069.173,20.9215,90,no,,no,pdx
277,46385,1,97218,-87.1,41.5,-122.59,45.58,2875576.804,2875576.804,20.9215,90,no,,no,pdx
278,48009,1,97218,-83.22,42.55,-122.59,45.58,3135327.874,3135327.874,20.9215,90,no,,no,pdx
279,48103,3,97218,-83.9,42.3,-122.59,45.58,3092339.905,9277019.716,20.9215,90,no,,no,pdx
280,48104,1,97218,-83.71,42.27,-122.59,45.58,3108178.057,3108178.057,20.9215,90,no,,no,pdx
281,48202,1,97218,-83.08,42.38,-122.59,45.58,3152606.65,3152606.65,20.9215,90,no,,no,pdx
282,48326,1,97218,-83.28,42.67,-122.59,45.58,3126189.797,3126189.797,20.9215,90,no,,no,pdx
283,48386,1,97218,-83.48,42.66,-122.59,45.58,3111141.927,3111141.927,20.9215,90,no,,no,pdx
284,48609,1,97218,-84.1,43.4,-122.59,45.58,3036767.47,3036767.47,20.9215,90,no,,no,pdx
285,48823,1,97218,-84.44,42.76,-122.59,45.58,3033379.99,3033379.99,20.9215,90,no,,no,pdx
286,48840,1,97218,-84.37,42.77,-122.59,45.58,3038415.658,3038415.658,20.9215,90,no,,no,pdx
287,49085,1,97218,-86.45,42.06,-122.59,45.58,2904064.679,2904064.679,20.9215,90,no,,no,pdx
288,49341,1,97218,-85.5,43.1,-122.59,45.58,2939397.948,2939397.948,20.9215,90,no,,no,pdx
289,49506,1,97218,-85.62,42.94,-122.59,45.58,2935784.994,2935784.994,20.9215,90,no,,no,pdx
290,49855,1,97218,-87.3,46.6,-122.59,45.58,2704023.534,2704023.534,20.9215,90,no,,no,pdx
291,52240,1,97218,-91.5,41.6,-122.59,45.58,2529123.763,2529123.763,20.9215,90,no,,no,pdx
292,52245,2,97218,-91.51,41.67,-122.59,45.58,2525607.663,5051215.327,20.9215,90,no,,no,pdx
293,53212,1,97218,-87.91,43.07,-122.59,45.58,2754224.678,2754224.678,20.9215,90,no,,no,pdx
294,53226,1,97218,-88.04,43.05,-122.59,45.58,2744849.025,2744849.025,20.9215,90,no,,no,pdx
295,53402,1,97218,-87.83,42.79,-122.59,45.58,2770157.041,2770157.041,20.9215,90,no,,no,pdx
296,53515,1,97218,-89.75,43.12,-122.59,45.58,2610031.314,2610031.314,20.9215,90,no,,no,pdx
297,53562,1,97218,-89.51,43.1,-122.59,45.58,2629302.233,2629302.233,20.9215,90,no,,no,pdx
298,53597,1,97218,-89.5,43.2,-122.59,45.58,2626741.138,2626741.138,20.9215,90,no,,no,pdx
299,53704,1,97218,-89.35,43.13,-122.59,45.58,2640694.604,2640694.604,20.9215,90,no,,no,pdx
300,53711,2,97218,-89.41,43.02,-122.59,45.58,2639752.133,5279504.266,20.9215,90,no,,no,pdx
301,53717,1,97218,-89.52,43.07,-122.59,45.58,2629535.741,2629535.741,20.9215,90,no,,no,pdx
302,53959,1,97218,-90,43.5,-122.59,45.58,2578289.12,2578289.12,20.9215,90,no,,no,pdx
303,54016,1,97218,-92.7,45,-122.59,45.58,2328135.724,2328135.724,20.9215,90,no,,no,pdx
304,54481,1,97218,-89.6,44.5,-122.59,45.58,2579425.588,2579425.588,20.9215,90,no,,no,pdx
305,54703,1,97218,-91.5,44.8,-122.59,45.58,2425337.093,2425337.093,20.9215,90,no,,no,pdx
306,55044,1,97218,-93.3,44.6,-122.59,45.58,2291700.085,2291700.085,20.9215,90,no,,no,pdx
307,55103,1,97218,-93.13,44.97,-122.59,45.58,2295760.184,2295760.184,20.9215,90,no,,no,pdx
308,55104,1,97218,-93.17,44.96,-122.59,45.58,2292917.157,2292917.157,20.9215,90,no,,no,pdx
309,55106,1,97218,-93.05,44.94,-122.59,45.58,2302628.407,2302628.407,20.9215,90,no,,no,pdx
310,55109,1,97218,-93.03,45.02,-122.59,45.58,2302280.889,2302280.889,20.9215,90,no,,no,pdx
311,55112,1,97218,-93.19,45.08,-122.59,45.58,2288581.982,2288581.982,20.9215,90,no,,no,pdx
312,55115,1,97218,-92.95,45.07,-122.59,45.58,2307269.181,2307269.181,20.9215,90,no,,no,pdx
313,55129,1,97218,-92.92,44.91,-122.59,45.58,2313352.622,2313352.622,20.9215,90,no,,no,pdx
314,55303,1,97218,-93.4,45.3,-122.59,45.58,2267518.541,2267518.541,20.9215,90,no,,no,pdx
315,55309,1,97218,-93.7,45.4,-122.59,45.58,2242345.586,2242345.586,20.9215,90,no,,no,pdx
316,55331,1,97218,-93.6,44.9,-122.59,45.58,2261218.525,2261218.525,20.9215,90,no,,no,pdx
317,55403,1,97218,-93.29,44.97,-122.59,45.58,2283443.999,2283443.999,20.9215,90,no,,no,pdx
318,55406,2,97218,-93.22,44.94,-122.59,45.58,2289540.631,4579081.261,20.9215,90,no,,no,pdx
319,55408,2,97218,-93.29,44.94,-122.59,45.58,2284150.796,4568301.591,20.9215,90,no,,no,pdx
320,55410,2,97218,-93.31,44.91,-122.59,45.58,2283321.675,4566643.35,20.9215,90,no,,no,pdx
321,55417,1,97218,-93.23,44.9,-122.59,45.58,2289721.396,2289721.396,20.9215,90,no,,no,pdx
322,55419,4,97218,-93.29,44.91,-122.59,45.58,2284862.054,9139448.215,20.9215,90,no,,no,pdx
323,55422,1,97218,-93.34,45.01,-122.59,45.58,2278660.45,2278660.45,20.9215,90,no,,no,pdx
324,55424,1,97218,-93.34,44.91,-122.59,45.58,2281011.041,2281011.041,20.9215,90,no,,no,pdx
325,55803,1,97218,-92.1,47.1,-122.59,45.58,2334436.269,2334436.269,20.9215,90,no,,no,pdx
326,55812,1,97218,-92.07,46.81,-122.59,45.58,2340912.52,2340912.52,20.9215,90,no,,no,pdx
327,55901,1,97218,-92.51,44.08,-122.59,45.58,2366662.334,2366662.334,20.9215,90,no,,no,pdx
328,55902,1,97218,-92.52,43.96,-122.59,45.58,2369301.854,2369301.854,20.9215,90,no,,no,pdx
329,55906,1,97218,-92.4,44.1,-122.59,45.58,2374608.758,2374608.758,20.9215,90,no,,no,pdx
330,56082,1,97218,-94,44.3,-122.59,45.58,2245359.346,2245359.346,20.9215,90,no,,no,pdx
331,56377,1,97218,-94.23,45.64,-122.59,45.58,2196834.775,2196834.775,20.9215,90,no,,no,pdx
332,57105,1,97218,-96.73,43.52,-122.59,45.58,2055240.742,2055240.742,20.9215,90,no,,no,pdx
333,57108,1,97218,-96.7,43.5,-122.59,45.58,2058168.406,2058168.406,20.9215,90,no,,no,pdx
334,59422,1,97218,-112.4,47.8,-122.59,45.58,815680.0806,815680.0806,20.9215,90,no,,no,pdx
335,59715,1,97218,-111,45.7,-122.59,45.58,901367.6945,901367.6945,20.9215,90,no,,no,pdx
336,59801,1,97218,-113.99,46.86,-122.59,45.58,677158.2805,677158.2805,20.9215,90,no,,no,pdx
337,59803,1,97218,-114,46.8,-122.59,45.58,675390.5638,675390.5638,20.9215,90,no,,no,pdx
338,60014,1,97218,-88.31,42.23,-122.59,45.58,2753252.642,2753252.642,20.9215,90,no,,no,pdx
339,60022,1,97218,-87.77,42.13,-122.59,45.58,2798942.915,2798942.915,20.9215,90,no,,no,pdx
340,60025,2,97218,-87.82,42.08,-122.59,45.58,2796953.681,5593907.363,20.9215,90,no,,no,pdx
341,60030,1,97218,-88.06,42.34,-122.59,45.58,2768580.703,2768580.703,20.9215,90,no,,no,pdx
342,60035,1,97218,-87.81,42.19,-122.59,45.58,2793576.383,2793576.383,20.9215,90,no,,no,pdx
343,60090,1,97218,-87.92,42.13,-122.59,45.58,2787294.049,2787294.049,20.9215,90,no,,no,pdx
344,60091,1,97218,-87.73,42.08,-122.59,45.58,2803943.68,2803943.68,20.9215,90,no,,no,pdx
345,60093,2,97218,-87.76,42.11,-122.59,45.58,2800476.07,5600952.14,20.9215,90,no,,no,pdx
346,60201,3,97218,-87.68,42.05,-122.59,45.58,2808968.316,8426904.948,20.9215,90,no,,no,pdx
347,60302,2,97218,-87.79,41.89,-122.59,45.58,2806563.869,5613127.737,20.9215,90,no,,no,pdx
348,60304,1,97218,-87.78,41.87,-122.59,45.58,2808114.985,2808114.985,20.9215,90,no,,no,pdx
349,60402,1,97218,-87.78,41.83,-122.59,45.58,2809667.355,2809667.355,20.9215,90,no,,no,pdx
350,60431,1,97218,-88.22,41.54,-122.59,45.58,2786867.246,2786867.246,20.9215,90,no,,no,pdx
351,60540,1,97218,-88.14,41.77,-122.59,45.58,2784018.444,2784018.444,20.9215,90,no,,no,pdx
352,60564,1,97218,-88.2,41.71,-122.59,45.58,2781700.586,2781700.586,20.9215,90,no,,no,pdx
353,60609,1,97218,-87.66,41.81,-122.59,45.58,2819772.555,2819772.555,20.9215,90,no,,no,pdx
354,60610,1,97218,-87.64,41.9,-122.59,45.58,2817833.053,2817833.053,20.9215,90,no,,no,pdx
355,60611,1,97218,-87.61,41.91,-122.59,45.58,2819777.541,2819777.541,20.9215,90,no,,no,pdx
356,60615,3,97218,-87.6,41.81,-122.59,45.58,2824435.662,8473306.985,20.9215,90,no,,no,pdx
357,60618,1,97218,-87.7,41.95,-122.59,45.58,2811243.22,2811243.22,20.9215,90,no,,no,pdx
358,60626,2,97218,-87.67,42.01,-122.59,45.58,2811272.219,5622544.437,20.9215,90,no,,no,pdx
359,60630,1,97218,-87.76,41.97,-122.59,45.58,2805813.292,2805813.292,20.9215,90,no,,no,pdx
360,60631,1,97218,-87.82,42,-122.59,45.58,2800002.405,2800002.405,20.9215,90,no,,no,pdx
361,60637,1,97218,-87.6,41.78,-122.59,45.58,2825607.027,2825607.027,20.9215,90,no,,no,pdx
362,60638,1,97218,-87.77,41.78,-122.59,45.58,2812393.289,2812393.289,20.9215,90,no,,no,pdx
363,60639,1,97218,-87.76,41.92,-122.59,45.58,2807736.741,2807736.741,20.9215,90,no,,no,pdx
364,60640,1,97218,-87.66,41.97,-122.59,45.58,2813582.114,2813582.114,20.9215,90,no,,no,pdx
365,60647,1,97218,-87.7,41.92,-122.59,45.58,2812398.781,2812398.781,20.9215,90,no,,no,pdx
366,60657,2,97218,-87.66,41.94,-122.59,45.58,2814735.771,5629471.541,20.9215,90,no,,no,pdx
367,60659,1,97218,-87.7,41.99,-122.59,45.58,2809707.551,2809707.551,20.9215,90,no,,no,pdx
368,60660,1,97218,-87.66,41.98,-122.59,45.58,2813198.286,2813198.286,20.9215,90,no,,no,pdx
369,61004,1,97218,NA,NA,-122.59,45.58,NA,NA,20.9215,90,no,,no,pdx
370,61455,1,97218,-90.6,40.4,-122.59,45.58,2649187.928,2649187.928,20.9215,90,no,,no,pdx
371,61530,1,97218,-89.2,40.7,-122.59,45.58,2745260.615,2745260.615,20.9215,90,no,,no,pdx
372,61801,1,97218,-88.21,40.11,-122.59,45.58,2848264.053,2848264.053,20.9215,90,no,,no,pdx
373,62025,1,97218,-89.9,38.8,-122.59,45.58,2778463.264,2778463.264,20.9215,90,no,,no,pdx
374,62236,1,97218,-90.2,38.4,-122.59,45.58,2775233.266,2775233.266,20.9215,90,no,,no,pdx
375,63028,1,97218,-90.4,38.1,-122.59,45.58,2775141.588,2775141.588,20.9215,90,no,,no,pdx
376,63034,1,97218,-90.28,38.85,-122.59,45.58,2746462.908,2746462.908,20.9215,90,no,,no,pdx
377,63138,1,97218,-90.18,38.8,-122.59,45.58,2756705.332,2756705.332,20.9215,90,no,,no,pdx
378,63376,1,97218,-90.63,38.8,-122.59,45.58,2721751.247,2721751.247,20.9215,90,no,,no,pdx
379,64057,1,97218,-94.31,39.06,-122.59,45.58,2423687.767,2423687.767,20.9215,90,no,,no,pdx
380,64093,1,97218,-93.7,38.8,-122.59,45.58,2483888.6,2483888.6,20.9215,90,no,,no,pdx
381,64113,1,97218,-94.59,39.01,-122.59,45.58,2404561.608,2404561.608,20.9215,90,no,,no,pdx
382,64114,1,97218,-94.6,38.96,-122.59,45.58,2406304.263,2406304.263,20.9215,90,no,,no,pdx
383,65203,3,97218,-92.4,38.9,-122.59,45.58,2579469.938,7738409.814,20.9215,90,no,,no,pdx
384,66030,1,97218,-94.94,38.8,-122.59,45.58,2388210.355,2388210.355,20.9215,90,no,,no,pdx
385,66049,1,97218,-95.36,38.98,-122.59,45.58,2346683.853,2346683.853,20.9215,90,no,,no,pdx
386,66062,1,97218,-94.78,38.85,-122.59,45.58,2397989.929,2397989.929,20.9215,90,no,,no,pdx
387,66205,1,97218,-94.63,39.03,-122.59,45.58,2400470.021,2400470.021,20.9215,90,no,,no,pdx
388,66208,1,97218,-94.63,39.01,-122.59,45.58,2401473.441,2401473.441,20.9215,90,no,,no,pdx
389,66503,1,97218,-96.7,39.3,-122.59,45.58,2227391.252,2227391.252,20.9215,90,no,,no,pdx
390,67218,1,97218,-97.28,37.67,-122.59,45.58,2270500.82,2270500.82,20.9215,90,no,,no,pdx
391,68502,1,97218,-96.7,40.78,-122.59,45.58,2158114.86,2158114.86,20.9215,90,no,,no,pdx
392,68510,1,97218,-96.65,40.81,-122.59,45.58,2160694.51,2160694.51,20.9215,90,no,,no,pdx
393,70115,1,97218,-90.1,29.93,-122.59,45.58,3314431.957,3314431.957,20.9215,90,no,,no,pdx
394,70117,1,97218,-90.03,29.97,-122.59,45.58,3316640.619,3316640.619,20.9215,90,no,,no,pdx
395,70119,2,97218,-90.09,29.97,-122.59,45.58,3312255.215,6624510.431,20.9215,90,no,,no,pdx
396,70460,1,97218,-89.83,30.33,-122.59,45.58,3305315.936,3305315.936,20.9215,90,no,,no,pdx
397,70503,1,97218,-92.06,30.17,-122.59,45.58,3154611.005,3154611.005,20.9215,90,no,,no,pdx
398,72205,2,97218,-92.35,34.74,-122.59,45.58,2819230.92,5638461.839,20.9215,90,no,,no,pdx
399,72703,1,97218,-94.1,36.1,-122.59,45.58,2603205.632,2603205.632,20.9215,90,no,,no,pdx
400,72712,1,97218,-94.3,36.3,-122.59,45.58,2576077.528,2576077.528,20.9215,90,no,,no,pdx
401,73069,1,97218,-97.46,35.25,-122.59,45.58,2406008.004,2406008.004,20.9215,90,no,,no,pdx
402,73107,1,97218,-97.57,35.48,-122.59,45.58,2382879.888,2382879.888,20.9215,90,no,,no,pdx
403,73112,1,97218,-97.57,35.52,-122.59,45.58,2380277.859,2380277.859,20.9215,90,no,,no,pdx
404,73114,1,97218,-97.52,35.58,-122.59,45.58,2380066.504,2380066.504,20.9215,90,no,,no,pdx
405,74105,1,97218,-95.97,36.1,-122.59,45.58,2462398.343,2462398.343,20.9215,90,no,,no,pdx
406,74133,1,97218,-95.88,36.04,-122.59,45.58,2472840.504,2472840.504,20.9215,90,no,,no,pdx
407,74136,1,97218,-95.95,36.07,-122.59,45.58,2465746.083,2465746.083,20.9215,90,no,,no,pdx
408,75002,1,97218,-96.61,33.08,-122.59,45.58,2616454.928,2616454.928,20.9215,90,no,,no,pdx
409,75009,1,97218,-96.8,33.3,-122.59,45.58,2587202.775,2587202.775,20.9215,90,no,,no,pdx
410,75052,1,97218,-97.02,32.65,-122.59,45.58,2618152.243,2618152.243,20.9215,90,no,,no,pdx
411,75060,1,97218,-96.95,32.79,-122.59,45.58,2612973.446,2612973.446,20.9215,90,no,,no,pdx
412,75070,1,97218,-96.72,33.16,-122.59,45.58,2602875.538,2602875.538,20.9215,90,no,,no,pdx
413,75080,1,97218,-96.74,32.97,-122.59,45.58,2615000.353,2615000.353,20.9215,90,no,,no,pdx
414,75093,1,97218,-96.81,33.04,-122.59,45.58,2604985.474,2604985.474,20.9215,90,no,,no,pdx
415,75218,2,97218,-96.7,32.84,-122.59,45.58,2627187.351,5254374.701,20.9215,90,no,,no,pdx
416,75225,2,97218,-96.79,32.87,-122.59,45.58,2618605.76,5237211.52,20.9215,90,no,,no,pdx
417,75229,1,97218,-96.89,32.9,-122.59,45.58,2609313.672,2609313.672,20.9215,90,no,,no,pdx
418,76092,1,97218,-97.15,32.96,-122.59,45.58,2586467.594,2586467.594,20.9215,90,no,,no,pdx
419,76107,1,97218,-97.38,32.74,-122.59,45.58,2586088.737,2586088.737,20.9215,90,no,,no,pdx
420,76117,1,97218,-97.26,32.8,-122.59,45.58,2590225.6,2590225.6,20.9215,90,no,,no,pdx
421,76133,1,97218,-97.38,32.66,-122.59,45.58,2591928.402,2591928.402,20.9215,90,no,,no,pdx
422,77005,1,97218,-95.42,29.72,-122.59,45.58,2951029.001,2951029.001,20.9215,90,no,,no,pdx
423,77017,1,97218,-95.26,29.68,-122.59,45.58,2965219.197,2965219.197,20.9215,90,no,,no,pdx
424,77021,1,97218,-95.36,29.7,-122.59,45.58,2956737.328,2956737.328,20.9215,90,no,,no,pdx
425,77024,1,97218,-95.5,29.77,-122.59,45.58,2941606.893,2941606.893,20.9215,90,no,,no,pdx
426,77025,1,97218,-95.43,29.68,-122.59,45.58,2953447.097,2953447.097,20.9215,90,no,,no,pdx
427,77055,1,97218,-95.5,29.8,-122.59,45.58,2939277.165,2939277.165,20.9215,90,no,,no,pdx
428,77059,1,97218,-95.12,29.61,-122.59,45.58,2980361.206,2980361.206,20.9215,90,no,,no,pdx
429,77061,1,97218,-95.28,29.65,-122.59,45.58,2966163.302,2966163.302,20.9215,90,no,,no,pdx
430,77077,1,97218,-95.63,29.75,-122.59,45.58,2934174.039,2934174.039,20.9215,90,no,,no,pdx
431,77081,1,97218,-95.48,29.71,-122.59,45.58,2947654.852,2947654.852,20.9215,90,no,,no,pdx
432,77098,2,97218,-95.42,29.73,-122.59,45.58,2950252.026,5900504.052,20.9215,90,no,,no,pdx
433,77302,1,97218,-95.36,30.23,-122.59,45.58,2915846.958,2915846.958,20.9215,90,no,,no,pdx
434,77379,1,97218,-95.53,30.04,-122.59,45.58,2918620.89,2918620.89,20.9215,90,no,,no,pdx
435,77406,1,97218,-95.8,29.6,-122.59,45.58,2934171.001,2934171.001,20.9215,90,no,,no,pdx
436,77479,1,97218,-95.64,29.56,-122.59,45.58,2948314.428,2948314.428,20.9215,90,no,,no,pdx
437,78015,1,97218,-98.6,29.7,-122.59,45.58,2737195.459,2737195.459,20.9215,90,no,,no,pdx
438,78209,1,97218,-98.46,29.49,-122.59,45.58,2763528.706,2763528.706,20.9215,90,no,,no,pdx
439,78660,1,97218,-97.6,30.43,-122.59,45.58,2745954.507,2745954.507,20.9215,90,no,,no,pdx
440,78664,1,97218,-97.64,30.5,-122.59,45.58,2737737.902,2737737.902,20.9215,90,no,,no,pdx
441,78703,1,97218,-97.77,30.29,-122.59,45.58,2745454.113,2745454.113,20.9215,90,no,,no,pdx
442,78704,2,97218,-97.75,30.24,-122.59,45.58,2750761.825,5501523.649,20.9215,90,no,,no,pdx
443,78731,1,97218,-97.77,30.35,-122.59,45.58,2740714.954,2740714.954,20.9215,90,no,,no,pdx
444,78738,1,97218,-97.98,30.31,-122.59,45.58,2729678.104,2729678.104,20.9215,90,no,,no,pdx
445,78745,1,97218,-97.8,30.21,-122.59,45.58,2749757.535,2749757.535,20.9215,90,no,,no,pdx
446,78746,2,97218,-97.81,30.3,-122.59,45.58,2741956.903,5483913.805,20.9215,90,no,,no,pdx
447,78748,1,97218,-97.82,30.16,-122.59,45.58,2752372.828,2752372.828,20.9215,90,no,,no,pdx
448,78751,1,97218,-97.72,30.31,-122.59,45.58,2747259.876,2747259.876,20.9215,90,no,,no,pdx
449,78756,1,97218,-97.74,30.32,-122.59,45.58,2745115.426,2745115.426,20.9215,90,no,,no,pdx
450,78759,2,97218,-97.75,30.4,-122.59,45.58,2738127.732,5476255.463,20.9215,90,no,,no,pdx
451,79007,1,97218,-101.3,35.8,-122.59,45.58,2091284.518,2091284.518,20.9215,90,no,,no,pdx
452,79382,1,97218,-102.02,33.46,-122.59,45.58,2211629.845,2211629.845,20.9215,90,no,,no,pdx
453,79912,1,97218,-106.54,31.85,-122.59,45.58,2060876.064,2060876.064,20.9215,90,no,,no,pdx
454,79932,1,97218,-106.61,31.88,-122.59,45.58,2054196.461,2054196.461,20.9215,90,no,,no,pdx
455,80013,1,97218,-104.77,39.66,-122.59,45.58,1597031.241,1597031.241,20.9215,90,no,,no,pdx
456,80016,1,97218,-104.74,39.6,-122.59,45.58,1602619.426,1602619.426,20.9215,90,no,,no,pdx
457,80027,2,97218,-105.13,39.98,-122.59,45.58,1552620.856,3105241.712,20.9215,90,no,,no,pdx
458,80033,1,97218,-105.1,39.77,-122.59,45.58,1566445.174,1566445.174,20.9215,90,no,,no,pdx
459,80108,1,97218,-104.85,39.45,-122.59,45.58,1603008.915,1603008.915,20.9215,90,no,,no,pdx
460,80111,1,97218,-104.87,39.63,-122.59,45.58,1591312.392,1591312.392,20.9215,90,no,,no,pdx
461,80112,1,97218,-104.87,39.56,-122.59,45.58,1595266.114,1595266.114,20.9215,90,no,,no,pdx
462,80120,1,97218,-105.01,39.6,-122.59,45.58,1582660.626,1582660.626,20.9215,90,no,,no,pdx
463,80121,1,97218,-104.96,39.61,-122.59,45.58,1585787.338,1585787.338,20.9215,90,no,,no,pdx
464,80122,1,97218,-104.96,39.58,-122.59,45.58,1587485.862,1587485.862,20.9215,90,no,,no,pdx
465,80127,1,97218,-105.1,39.5,-122.59,45.58,1581727.494,1581727.494,20.9215,90,no,,no,pdx
466,80129,1,97218,-105.01,39.54,-122.59,45.58,1586070.732,1586070.732,20.9215,90,no,,no,pdx
467,80138,1,97218,-104.7,39.5,-122.59,45.58,1611228.661,1611228.661,20.9215,90,no,,no,pdx
468,80206,1,97218,-104.95,39.73,-122.59,45.58,1579785.145,1579785.145,20.9215,90,no,,no,pdx
469,80209,1,97218,-104.98,39.71,-122.59,45.58,1578682.151,1578682.151,20.9215,90,no,,no,pdx
470,80210,2,97218,-104.96,39.68,-122.59,45.58,1581844.022,3163688.045,20.9215,90,no,,no,pdx
471,80212,1,97218,-105.05,39.77,-122.59,45.58,1570147.282,1570147.282,20.9215,90,no,,no,pdx
472,80220,2,97218,-104.91,39.73,-122.59,45.58,1582748.301,3165496.601,20.9215,90,no,,no,pdx
473,80229,1,97218,-104.95,39.85,-122.59,45.58,1573126.935,1573126.935,20.9215,90,no,,no,pdx
474,80238,2,97218,-104.88,39.78,-122.59,45.58,1582192.159,3164384.317,20.9215,90,no,,no,pdx
475,80239,1,97218,-104.84,39.78,-122.59,45.58,1585160.096,1585160.096,20.9215,90,no,,no,pdx
476,80246,1,97218,-104.93,39.7,-122.59,45.58,1582943.228,1582943.228,20.9215,90,no,,no,pdx
477,80301,1,97218,-105.21,40.05,-122.59,45.58,1542859.053,1542859.053,20.9215,90,no,,no,pdx
478,80302,1,97218,-105.4,40.1,-122.59,45.58,1526016.402,1526016.402,20.9215,90,no,,no,pdx
479,80303,1,97218,-105.22,39.97,-122.59,45.58,1546482.724,1546482.724,20.9215,90,no,,no,pdx
480,80304,2,97218,-105.29,40.05,-122.59,45.58,1536911.338,3073822.677,20.9215,90,no,,no,pdx
481,80305,2,97218,-105.26,39.98,-122.59,45.58,1542964.773,3085929.546,20.9215,90,no,,no,pdx
482,80403,1,97218,-105.3,39.8,-122.59,45.58,1549972.389,1549972.389,20.9215,90,no,,no,pdx
483,80443,1,97218,-106.09,39.59,-122.59,45.58,1503938.104,1503938.104,20.9215,90,no,,no,pdx
484,80466,1,97218,-105.5,40,-122.59,45.58,1524064.491,1524064.491,20.9215,90,no,,no,pdx
485,80503,1,97218,-105.2,40.2,-122.59,45.58,1535522.153,1535522.153,20.9215,90,no,,no,pdx
486,80521,1,97218,-105.13,40.59,-122.59,45.58,1520420.641,1520420.641,20.9215,90,no,,no,pdx
487,80524,1,97218,-105,40.7,-122.59,45.58,1524657.073,1524657.073,20.9215,90,no,,no,pdx
488,80525,2,97218,-105.02,40.52,-122.59,45.58,1532261.648,3064523.295,20.9215,90,no,,no,pdx
489,80540,1,97218,-105.4,40.2,-122.59,45.58,1520614.928,1520614.928,20.9215,90,no,,no,pdx
490,80809,1,97218,-105,38.9,-122.59,45.58,1624410.791,1624410.791,20.9215,90,no,,no,pdx
491,80905,1,97218,-104.83,38.83,-122.59,45.58,1641014.271,1641014.271,20.9215,90,no,,no,pdx
492,80908,1,97218,-104.7,39,-122.59,45.58,1640293.426,1640293.426,20.9215,90,no,,no,pdx
493,80909,1,97218,-104.77,38.85,-122.59,45.58,1644172.814,1644172.814,20.9215,90,no,,no,pdx
494,80911,1,97218,-104.73,38.75,-122.59,45.58,1653143.516,1653143.516,20.9215,90,no,,no,pdx
495,81120,1,97218,-106.2,37.2,-122.59,45.58,1651398.537,1651398.537,20.9215,90,no,,no,pdx
496,81211,1,97218,-106.3,38.9,-122.59,45.58,1530595.467,1530595.467,20.9215,90,no,,no,pdx
497,81419,1,97218,-107.7,38.8,-122.59,45.58,1438040.897,1438040.897,20.9215,90,no,,no,pdx
498,81623,1,97218,-107.2,39.2,-122.59,45.58,1447510.137,1447510.137,20.9215,90,no,,no,pdx
499,82001,2,97218,-104.79,41.14,-122.59,45.58,1519225.207,3038450.414,20.9215,90,no,,no,pdx
500,82070,1,97218,-105.8,41.4,-122.59,45.58,1430368.68,1430368.68,20.9215,90,no,,no,pdx
501,82501,1,97218,-108.6,43.2,-122.59,45.58,1142361.823,1142361.823,20.9215,90,no,,no,pdx
502,83333,1,97218,-114.3,43.6,-122.59,45.58,692785.154,692785.154,20.9215,90,no,,no,pdx
503,83642,1,97218,-116.4,43.6,-122.59,45.58,537751.8926,537751.8926,20.9215,90,no,,no,pdx
504,83703,1,97218,-116.24,43.66,-122.59,45.58,546455.7338,546455.7338,20.9215,90,no,,no,pdx
505,83709,1,97218,-116.29,43.56,-122.59,45.58,547677.1816,547677.1816,20.9215,90,no,,no,pdx
506,83843,1,97218,-116.9,46.7,-122.59,45.58,456134.1687,456134.1687,20.9215,90,no,,no,pdx
507,84017,1,97218,-110.8,41,-122.59,45.58,1081338.96,1081338.96,20.9215,90,no,,no,pdx
508,84098,1,97218,-111.5,40.7,-122.59,45.58,1050531.545,1050531.545,20.9215,90,no,,no,pdx
509,84102,1,97218,-111.86,40.76,-122.59,45.58,1021827.1,1021827.1,20.9215,90,no,,no,pdx
510,84105,2,97218,-111.86,40.74,-122.59,45.58,1023112.919,2046225.839,20.9215,90,no,,no,pdx
511,84109,1,97218,-111.76,40.72,-122.59,45.58,1031285.442,1031285.442,20.9215,90,no,,no,pdx
512,84121,1,97218,-111.7,40.7,-122.59,45.58,1036705.707,1036705.707,20.9215,90,no,,no,pdx
513,84124,1,97218,-111.79,40.68,-122.59,45.58,1031797.046,1031797.046,20.9215,90,no,,no,pdx
514,85006,1,97218,-112.05,33.47,-122.59,45.58,1620540.515,1620540.515,20.9215,90,no,,no,pdx
515,85008,1,97218,-111.99,33.46,-122.59,45.58,1624340.764,1624340.764,20.9215,90,no,,no,pdx
516,85009,1,97218,-112.13,33.44,-122.59,45.58,1619646.48,1619646.48,20.9215,90,no,,no,pdx
517,85013,1,97218,-112.08,33.51,-122.59,45.58,1615290,1615290,20.9215,90,no,,no,pdx
518,85014,1,97218,-112.06,33.51,-122.59,45.58,1616236.505,1616236.505,20.9215,90,no,,no,pdx
519,85016,2,97218,-112.03,33.51,-122.59,45.58,1617658.579,3235317.157,20.9215,90,no,,no,pdx
520,85037,1,97218,-112.28,33.49,-122.59,45.58,1607818.251,1607818.251,20.9215,90,no,,no,pdx
521,85041,1,97218,-112.12,33.38,-122.59,45.58,1625880.367,1625880.367,20.9215,90,no,,no,pdx
522,85050,1,97218,-112,33.69,-122.59,45.58,1601906.069,1601906.069,20.9215,90,no,,no,pdx
523,85086,1,97218,-112.1,33.8,-122.59,45.58,1586637.771,1586637.771,20.9215,90,no,,no,pdx
524,85202,1,97218,-111.88,33.38,-122.59,45.58,1637221.88,1637221.88,20.9215,90,no,,no,pdx
525,85253,1,97218,-111.97,33.54,-122.59,45.58,1617645.647,1617645.647,20.9215,90,no,,no,pdx
526,85281,1,97218,-111.93,33.44,-122.59,45.58,1629105.458,1629105.458,20.9215,90,no,,no,pdx
527,85283,1,97218,-111.94,33.37,-122.59,45.58,1635327.342,1635327.342,20.9215,90,no,,no,pdx
528,85331,1,97218,-112,33.8,-122.59,45.58,1591441.019,1591441.019,20.9215,90,no,,no,pdx
529,85718,2,97218,-110.91,32.34,-122.59,45.58,1783128.046,3566256.091,20.9215,90,no,,no,pdx
530,85719,1,97218,-110.95,32.25,-122.59,45.58,1789809.815,1789809.815,20.9215,90,no,,no,pdx
531,86001,1,97218,-111.8,35.2,-122.59,45.58,1470987.233,1470987.233,20.9215,90,no,,no,pdx
532,86303,1,97218,-112.4,34.5,-122.59,45.58,1505775.395,1505775.395,20.9215,90,no,,no,pdx
533,87008,1,97218,-106.38,35.13,-122.59,45.58,1795053.651,1795053.651,20.9215,90,no,,no,pdx
534,87052,1,97218,-106.36,35.52,-122.59,45.58,1765752.775,1765752.775,20.9215,90,no,,no,pdx
535,87083,1,97218,-106.5,35.7,-122.59,45.58,1742702.78,1742702.78,20.9215,90,no,,no,pdx
536,87104,1,97218,-106.67,35.1,-122.59,45.58,1778940.844,1778940.844,20.9215,90,no,,no,pdx
537,87106,2,97218,-106.6,35.06,-122.59,45.58,1786579.243,3573158.487,20.9215,90,no,,no,pdx
538,87108,1,97218,-106.58,35.07,-122.59,45.58,1787053.289,1787053.289,20.9215,90,no,,no,pdx
539,87501,1,97218,-105.9,35.7,-122.59,45.58,1781969.815,1781969.815,20.9215,90,no,,no,pdx
540,87505,3,97218,-105.9,35.6,-122.59,45.58,1789608.716,5368826.149,20.9215,90,no,,no,pdx
541,87506,1,97218,-106,35.8,-122.59,45.58,1767765.544,1767765.544,20.9215,90,no,,no,pdx
542,87560,1,97218,-105.5,35.3,-122.59,45.58,1838907.718,1838907.718,20.9215,90,no,,no,pdx
543,88001,1,97218,-106.75,32.29,-122.59,45.58,2010031.903,2010031.903,20.9215,90,no,,no,pdx
544,88061,1,97218,-108.4,32.9,-122.59,45.58,1862182.066,1862182.066,20.9215,90,no,,no,pdx
545,89002,1,97218,-114.95,35.99,-122.59,45.58,1245372.299,1245372.299,20.9215,90,no,,no,pdx
546,89031,1,97218,-115.17,36.26,-122.59,45.58,1209511.194,1209511.194,20.9215,90,no,,no,pdx
547,89074,1,97218,-115.07,36.03,-122.59,45.58,1236299.549,1236299.549,20.9215,90,no,,no,pdx
548,89102,1,97218,-115.18,36.14,-122.59,45.58,1220823.424,1220823.424,20.9215,90,no,,no,pdx
549,89128,1,97218,-115.27,36.2,-122.59,45.58,1211110.95,1211110.95,20.9215,90,no,,no,pdx
550,89131,1,97218,-115.29,36.33,-122.59,45.58,1197520.307,1197520.307,20.9215,90,no,,no,pdx
551,89141,1,97218,-115.21,35.98,-122.59,45.58,1235266.126,1235266.126,20.9215,90,no,,no,pdx
552,89146,1,97218,-115.23,36.14,-122.59,45.58,1218695.949,1218695.949,20.9215,90,no,,no,pdx
553,89147,1,97218,-115.28,36.11,-122.59,45.58,1219528.374,1219528.374,20.9215,90,no,,no,pdx
554,89169,1,97218,-115.14,36.12,-122.59,45.58,1224491.051,1224491.051,20.9215,90,no,,no,pdx
555,89183,1,97218,-115.15,35.99,-122.59,45.58,1236816.012,1236816.012,20.9215,90,no,,no,pdx
556,89511,1,97218,-119.9,39.4,-122.59,45.58,722405.0475,722405.0475,20.9215,90,no,,no,pdx
557,90004,2,97218,-118.31,34.08,-122.59,45.58,1330902.97,2661805.941,20.9215,90,no,,no,pdx
558,90016,1,97218,-118.36,34.03,-122.59,45.58,1335137.579,1335137.579,20.9215,90,no,,no,pdx
559,90019,1,97218,-118.34,34.05,-122.59,45.58,1333441.118,1333441.118,20.9215,90,no,,no,pdx
560,90026,1,97218,-118.26,34.08,-122.59,45.58,1332071.682,1332071.682,20.9215,90,no,,no,pdx
561,90031,1,97218,-118.22,34.08,-122.59,45.58,1333015.668,1333015.668,20.9215,90,no,,no,pdx
562,90032,1,97218,-118.18,34.08,-122.59,45.58,1333967.649,1333967.649,20.9215,90,no,,no,pdx
563,90034,1,97218,-118.4,34.03,-122.59,45.58,1334224.823,1334224.823,20.9215,90,no,,no,pdx
564,90036,1,97218,-118.35,34.07,-122.59,45.58,1331054.922,1331054.922,20.9215,90,no,,no,pdx
565,90042,3,97218,-118.19,34.11,-122.59,45.58,1330503.255,3991509.766,20.9215,90,no,,no,pdx
566,90048,2,97218,-118.38,34.07,-122.59,45.58,1330366.225,2660732.449,20.9215,90,no,,no,pdx
567,90049,2,97218,-118.5,34.09,-122.59,45.58,1325496.493,2650992.987,20.9215,90,no,,no,pdx
568,90064,1,97218,-118.43,34.04,-122.59,45.58,1332466.189,1332466.189,20.9215,90,no,,no,pdx
569,90066,1,97218,-118.43,34,-122.59,45.58,1336783.91,1336783.91,20.9215,90,no,,no,pdx
570,90068,1,97218,-118.33,34.13,-122.59,45.58,1325052.025,1325052.025,20.9215,90,no,,no,pdx
571,90077,2,97218,-118.45,34.1,-122.59,45.58,1325538.765,2651077.53,20.9215,90,no,,no,pdx
572,90094,1,97218,-118.42,33.98,-122.59,45.58,1339168.258,1339168.258,20.9215,90,no,,no,pdx
573,90210,1,97218,-118.42,34.1,-122.59,45.58,1326218.263,1326218.263,20.9215,90,no,,no,pdx
574,90212,1,97218,-118.4,34.06,-122.59,45.58,1330988.331,1330988.331,20.9215,90,no,,no,pdx
575,90242,1,97218,-118.14,33.92,-122.59,45.58,1352127.486,1352127.486,20.9215,90,no,,no,pdx
576,90266,4,97218,-118.4,33.89,-122.59,45.58,1349334.999,5397339.996,20.9215,90,no,,no,pdx
577,90272,2,97218,-118.54,34.08,-122.59,45.58,1325689.104,2651378.209,20.9215,90,no,,no,pdx
578,90277,1,97218,-118.39,33.83,-122.59,45.58,1356038.423,1356038.423,20.9215,90,no,,no,pdx
579,90290,2,97218,-118.61,34.09,-122.59,45.58,1323073.679,2646147.359,20.9215,90,no,,no,pdx
580,90291,1,97218,-118.46,33.99,-122.59,45.58,1337190.556,1337190.556,20.9215,90,no,,no,pdx
581,90302,1,97218,-118.35,33.97,-122.59,45.58,1341836.876,1341836.876,20.9215,90,no,,no,pdx
582,90405,3,97218,-118.47,34.01,-122.59,45.58,1334806.96,4004420.881,20.9215,90,no,,no,pdx
583,90503,1,97218,-118.35,33.84,-122.59,45.58,1355861.749,1355861.749,20.9215,90,no,,no,pdx
584,90605,1,97218,-118.02,33.95,-122.59,45.58,1351803.518,1351803.518,20.9215,90,no,,no,pdx
585,90638,1,97218,-118.01,33.9,-122.59,45.58,1357415.37,1357415.37,20.9215,90,no,,no,pdx
586,90703,2,97218,-118.07,33.87,-122.59,45.58,1359181.033,2718362.067,20.9215,90,no,,no,pdx
587,90706,1,97218,-118.13,33.89,-122.59,45.58,1355592.38,1355592.38,20.9215,90,no,,no,pdx
588,90803,1,97218,-118.15,33.76,-122.59,45.58,1369107.1,1369107.1,20.9215,90,no,,no,pdx
589,90806,1,97218,-118.17,33.81,-122.59,45.58,1363253.53,1363253.53,20.9215,90,no,,no,pdx
590,90808,1,97218,-118.11,33.83,-122.59,45.58,1362522.412,1362522.412,20.9215,90,no,,no,pdx
591,90815,1,97218,-118.11,33.8,-122.59,45.58,1365749.31,1365749.31,20.9215,90,no,,no,pdx
592,91001,1,97218,-118.13,34.22,-122.59,45.58,1320134.359,1320134.359,20.9215,90,no,,no,pdx
593,91007,1,97218,-118.05,34.13,-122.59,45.58,1331752.296,1331752.296,20.9215,90,no,,no,pdx
594,91011,1,97218,-118.2,34.21,-122.59,45.58,1319514.762,1319514.762,20.9215,90,no,,no,pdx
595,91016,2,97218,-117.98,34.15,-122.59,45.58,1331345.497,2662690.993,20.9215,90,no,,no,pdx
596,91030,2,97218,-118.16,34.11,-122.59,45.58,1331222.442,2662444.884,20.9215,90,no,,no,pdx
597,91103,1,97218,-118.17,34.17,-122.59,45.58,1324534.541,1324534.541,20.9215,90,no,,no,pdx
598,91104,1,97218,-118.12,34.17,-122.59,45.58,1325745.59,1325745.59,20.9215,90,no,,no,pdx
599,91106,3,97218,-118.13,34.14,-122.59,45.58,1328723.964,3986171.891,20.9215,90,no,,no,pdx
600,91107,2,97218,-118,34.2,-122.59,45.58,1325488.509,2650977.017,20.9215,90,no,,no,pdx
601,91202,1,97218,-118.27,34.18,-122.59,45.58,1321074.022,1321074.022,20.9215,90,no,,no,pdx
602,91208,1,97218,-118.25,34.19,-122.59,45.58,1320471.59,1320471.59,20.9215,90,no,,no,pdx
603,91214,1,97218,-118.24,34.24,-122.59,45.58,1315332.67,1315332.67,20.9215,90,no,,no,pdx
604,91307,1,97218,-118.69,34.2,-122.59,45.58,1309440.736,1309440.736,20.9215,90,no,,no,pdx
605,91316,1,97218,-118.51,34.16,-122.59,45.58,1317713.102,1317713.102,20.9215,90,no,,no,pdx
606,91325,2,97218,-118.52,34.23,-122.59,45.58,1309930.74,2619861.479,20.9215,90,no,,no,pdx
607,91340,1,97218,-118.44,34.29,-122.59,45.58,1305271.202,1305271.202,20.9215,90,no,,no,pdx
608,91355,1,97218,-118.61,34.42,-122.59,45.58,1287403.548,1287403.548,20.9215,90,no,,no,pdx
609,91356,1,97218,-118.55,34.16,-122.59,45.58,1316822.712,1316822.712,20.9215,90,no,,no,pdx
610,91377,1,97218,-118.76,34.19,-122.59,45.58,1309031.888,1309031.888,20.9215,90,no,,no,pdx
611,91381,1,97218,-118.6,34.38,-122.59,45.58,1291946.215,1291946.215,20.9215,90,no,,no,pdx
612,91401,1,97218,-118.43,34.18,-122.59,45.58,1317361.143,1317361.143,20.9215,90,no,,no,pdx
613,91423,1,97218,-118.43,34.15,-122.59,45.58,1320597.013,1320597.013,20.9215,90,no,,no,pdx
614,91702,1,97218,-117.8,34.2,-122.59,45.58,1330586.322,1330586.322,20.9215,90,no,,no,pdx
615,91709,1,97218,-117.73,33.95,-122.59,45.58,1359108.068,1359108.068,20.9215,90,no,,no,pdx
616,91711,2,97218,-117.71,34.16,-122.59,45.58,1337210.645,2674421.291,20.9215,90,no,,no,pdx
617,91745,1,97218,-117.98,34,-122.59,45.58,1347423.896,1347423.896,20.9215,90,no,,no,pdx
618,91766,1,97218,-117.72,34.05,-122.59,45.58,1348687.111,1348687.111,20.9215,90,no,,no,pdx
619,91768,1,97218,-117.79,34.07,-122.59,45.58,1344733.6,1344733.6,20.9215,90,no,,no,pdx
620,91786,1,97218,-117.66,34.1,-122.59,45.58,1344930.43,1344930.43,20.9215,90,no,,no,pdx
621,91932,1,97218,-117.12,32.57,-122.59,45.58,1522498.176,1522498.176,20.9215,90,no,,no,pdx
622,91941,1,97218,-116.99,32.76,-122.59,45.58,1505735.257,1505735.257,20.9215,90,no,,no,pdx
623,92014,3,97218,-117.24,32.97,-122.59,45.58,1476612.492,4429837.477,20.9215,90,no,,no,pdx
624,92024,3,97218,-117.25,33.05,-122.59,45.58,1467810.202,4403430.606,20.9215,90,no,,no,pdx
625,92037,1,97218,-117.2,32.8,-122.59,45.58,1495820.152,1495820.152,20.9215,90,no,,no,pdx
626,92069,1,97218,-117.16,33.18,-122.59,45.58,1456382.247,1456382.247,20.9215,90,no,,no,pdx
627,92084,2,97218,-117.21,33.22,-122.59,45.58,1450764.202,2901528.404,20.9215,90,no,,no,pdx
628,92103,1,97218,-117.17,32.75,-122.59,45.58,1501953.397,1501953.397,20.9215,90,no,,no,pdx
629,92104,1,97218,-117.13,32.74,-122.59,45.58,1504085.066,1504085.066,20.9215,90,no,,no,pdx
630,92107,1,97218,-117.24,32.74,-122.59,45.58,1501175.905,1501175.905,20.9215,90,no,,no,pdx
631,92109,1,97218,-117.24,32.8,-122.59,45.58,1494764.754,1494764.754,20.9215,90,no,,no,pdx
632,92111,1,97218,-117.15,32.82,-122.59,45.58,1495015.652,1495015.652,20.9215,90,no,,no,pdx
633,92115,1,97218,-117.07,32.76,-122.59,45.58,1503562.37,1503562.37,20.9215,90,no,,no,pdx
634,92116,1,97218,-117.13,32.76,-122.59,45.58,1501951.171,1501951.171,20.9215,90,no,,no,pdx
635,92117,1,97218,-117.2,32.81,-122.59,45.58,1494752.472,1494752.472,20.9215,90,no,,no,pdx
636,92120,1,97218,-117.07,32.8,-122.59,45.58,1499299.146,1499299.146,20.9215,90,no,,no,pdx
637,92123,1,97218,-117.14,32.81,-122.59,45.58,1496349.814,1496349.814,20.9215,90,no,,no,pdx
638,92127,1,97218,-117.14,33.02,-122.59,45.58,1473963.836,1473963.836,20.9215,90,no,,no,pdx
639,92130,4,97218,-117.2,32.95,-122.59,45.58,1479811.876,5919247.505,20.9215,90,no,,no,pdx
640,92602,1,97218,-117.76,33.74,-122.59,45.58,1380798.641,1380798.641,20.9215,90,no,,no,pdx
641,92603,2,97218,-117.8,33.63,-122.59,45.58,1391573,2783146,20.9215,90,no,,no,pdx
642,92606,1,97218,-117.82,33.7,-122.59,45.58,1383569.802,1383569.802,20.9215,90,no,,no,pdx
643,92612,1,97218,-117.83,33.67,-122.59,45.58,1386535.528,1386535.528,20.9215,90,no,,no,pdx
644,92617,1,97218,-117.84,33.64,-122.59,45.58,1389503.272,1389503.272,20.9215,90,no,,no,pdx
645,92618,1,97218,-117.74,33.67,-122.59,45.58,1388800.225,1388800.225,20.9215,90,no,,no,pdx
646,92646,1,97218,-117.96,33.67,-122.59,45.58,1383332.808,1383332.808,20.9215,90,no,,no,pdx
647,92651,3,97218,-117.78,33.55,-122.59,45.58,1400648.741,4201946.224,20.9215,90,no,,no,pdx
648,92656,1,97218,-117.73,33.56,-122.59,45.58,1400833.187,1400833.187,20.9215,90,no,,no,pdx
649,92660,1,97218,-117.88,33.64,-122.59,45.58,1388513.011,1388513.011,20.9215,90,no,,no,pdx
650,92672,1,97218,-117.5,33.3,-122.59,45.58,1434540.673,1434540.673,20.9215,90,no,,no,pdx
651,92675,2,97218,-117.6,33.6,-122.59,45.58,1399879.566,2799759.131,20.9215,90,no,,no,pdx
652,92688,1,97218,-117.61,33.63,-122.59,45.58,1396413.978,1396413.978,20.9215,90,no,,no,pdx
653,92705,1,97218,-117.81,33.74,-122.59,45.58,1379534.776,1379534.776,20.9215,90,no,,no,pdx
654,92831,2,97218,-117.89,33.88,-122.59,45.58,1362527.539,2725055.078,20.9215,90,no,,no,pdx
655,92832,2,97218,-117.93,33.87,-122.59,45.58,1362603.79,2725207.58,20.9215,90,no,,no,pdx
656,92833,1,97218,-117.96,33.88,-122.59,45.58,1360789.425,1360789.425,20.9215,90,no,,no,pdx
657,93004,1,97218,-119.14,34.29,-122.59,45.58,1290493.861,1290493.861,20.9215,90,no,,no,pdx
658,93023,1,97218,-119.2,34.5,-122.59,45.58,1266480.8,1266480.8,20.9215,90,no,,no,pdx
659,93103,1,97218,-119.68,34.43,-122.59,45.58,1265530.224,1265530.224,20.9215,90,no,,no,pdx
660,93105,1,97218,-119.8,34.5,-122.59,45.58,1255909.489,1255909.489,20.9215,90,no,,no,pdx
661,93110,2,97218,-119.77,34.44,-122.59,45.58,1262966.763,2525933.526,20.9215,90,no,,no,pdx
662,93111,3,97218,-119.8,34.45,-122.59,45.58,1261390.788,3784172.364,20.9215,90,no,,no,pdx
663,93117,1,97218,-120,34.2,-122.59,45.58,1285790.65,1285790.65,20.9215,90,no,,no,pdx
664,93401,1,97218,-120.6,35.2,-122.59,45.58,1167643.507,1167643.507,20.9215,90,no,,no,pdx
665,93446,1,97218,-120.9,35.6,-122.59,45.58,1120042.278,1120042.278,20.9215,90,no,,no,pdx
666,93536,1,97218,-118.5,34.7,-122.59,45.58,1259714.703,1259714.703,20.9215,90,no,,no,pdx
667,93908,1,97218,-121.6,36.6,-122.59,45.58,1003070.619,1003070.619,20.9215,90,no,,no,pdx
668,93950,1,97218,-121.92,36.62,-122.59,45.58,998994.2963,998994.2963,20.9215,90,no,,no,pdx
669,94002,2,97218,-122.3,37.51,-122.59,45.58,898671.3442,1797342.688,20.9215,90,no,,no,pdx
670,94010,6,97218,-122.37,37.57,-122.59,45.58,891856.2871,5351137.723,20.9215,90,no,,no,pdx
671,94022,3,97218,-122.15,37.36,-122.59,45.58,915777.7135,2747333.14,20.9215,90,no,,no,pdx
672,94024,5,97218,-122.09,37.36,-122.59,45.58,915990.705,4579953.525,20.9215,90,no,,no,pdx
673,94025,6,97218,-122.18,37.46,-122.59,45.58,904556.3548,5427338.129,20.9215,90,no,,no,pdx
674,94027,2,97218,-122.2,37.45,-122.59,45.58,905607.8226,1811215.645,20.9215,90,no,,no,pdx
675,94028,2,97218,-122.21,37.37,-122.59,45.58,914479.2636,1828958.527,20.9215,90,no,,no,pdx
676,94030,1,97218,-122.4,37.61,-122.59,45.58,887356.567,887356.567,20.9215,90,no,,no,pdx
677,94040,2,97218,-122.09,37.38,-122.59,45.58,913766.3484,1827532.697,20.9215,90,no,,no,pdx
678,94041,1,97218,-122.07,37.39,-122.59,45.58,912731.4498,912731.4498,20.9215,90,no,,no,pdx
679,94044,1,97218,-122.49,37.63,-122.59,45.58,885028.8842,885028.8842,20.9215,90,no,,no,pdx
680,94061,2,97218,-122.24,37.46,-122.59,45.58,904382.2223,1808764.445,20.9215,90,no,,no,pdx
681,94062,3,97218,-122.3,37.4,-122.59,45.58,910912.6435,2732737.93,20.9215,90,no,,no,pdx
682,94066,1,97218,-122.44,37.62,-122.59,45.58,886190.6447,886190.6447,20.9215,90,no,,no,pdx
683,94070,4,97218,-122.27,37.5,-122.59,45.58,899854.3887,3599417.555,20.9215,90,no,,no,pdx
684,94087,4,97218,-122.03,37.35,-122.59,45.58,917342.7521,3669371.008,20.9215,90,no,,no,pdx
685,94110,6,97218,-122.42,37.75,-122.59,45.58,871745.6514,5230473.908,20.9215,90,no,,no,pdx
686,94112,3,97218,-122.44,37.72,-122.59,45.58,875059.6823,2625179.047,20.9215,90,no,,no,pdx
687,94114,3,97218,-122.44,37.76,-122.59,45.58,870607.3044,2611821.913,20.9215,90,no,,no,pdx
688,94115,2,97218,-122.44,37.79,-122.59,45.58,867268.0236,1734536.047,20.9215,90,no,,no,pdx
689,94116,1,97218,-122.48,37.74,-122.59,45.58,872792.5018,872792.5018,20.9215,90,no,,no,pdx
690,94117,4,97218,-122.44,37.77,-122.59,45.58,869494.2105,3477976.842,20.9215,90,no,,no,pdx
691,94118,3,97218,-122.46,37.78,-122.59,45.58,868358.9446,2605076.834,20.9215,90,no,,no,pdx
692,94121,1,97218,-122.7,37.8,-122.59,45.58,866113.6588,866113.6588,20.9215,90,no,,no,pdx
693,94122,5,97218,-122.48,37.76,-122.59,45.58,870566.2202,4352831.101,20.9215,90,no,,no,pdx
694,94123,1,97218,-122.44,37.8,-122.59,45.58,866154.9305,866154.9305,20.9215,90,no,,no,pdx
695,94127,1,97218,-122.46,37.73,-122.59,45.58,873924.5405,873924.5405,20.9215,90,no,,no,pdx
696,94131,1,97218,-122.44,37.75,-122.59,45.58,871720.3985,871720.3985,20.9215,90,no,,no,pdx
697,94132,1,97218,-122.48,37.72,-122.59,45.58,875018.7838,875018.7838,20.9215,90,no,,no,pdx
698,94133,2,97218,-122.44,37.8,-122.59,45.58,866154.9305,1732309.861,20.9215,90,no,,no,pdx
699,94134,1,97218,-122.41,37.72,-122.59,45.58,875098.6127,875098.6127,20.9215,90,no,,no,pdx
700,94301,2,97218,-122.15,37.44,-122.59,45.58,906878.5007,1813757.001,20.9215,90,no,,no,pdx
701,94303,1,97218,-122.12,37.45,-122.59,45.58,905870.2175,905870.2175,20.9215,90,no,,no,pdx
702,94305,1,97218,-122.17,37.42,-122.59,45.58,909037.9062,909037.9062,20.9215,90,no,,no,pdx
703,94306,2,97218,-122.13,37.41,-122.59,45.58,910284.0394,1820568.079,20.9215,90,no,,no,pdx
704,94401,2,97218,-122.32,37.57,-122.59,45.58,891951.0152,1783902.03,20.9215,90,no,,no,pdx
705,94402,2,97218,-122.33,37.54,-122.59,45.58,895269.2447,1790538.489,20.9215,90,no,,no,pdx
706,94403,1,97218,-122.3,37.54,-122.59,45.58,895332.8261,895332.8261,20.9215,90,no,,no,pdx
707,94404,3,97218,-122.27,37.55,-122.59,45.58,894290.5786,2682871.736,20.9215,90,no,,no,pdx
708,94503,1,97218,-122.23,38.2,-122.59,45.58,822076.7762,822076.7762,20.9215,90,no,,no,pdx
709,94515,1,97218,-122.6,38.6,-122.59,45.58,777010.483,777010.483,20.9215,90,no,,no,pdx
710,94517,1,97218,-121.89,37.89,-122.59,45.58,858009.5295,858009.5295,20.9215,90,no,,no,pdx
711,94521,1,97218,-121.96,37.95,-122.59,45.58,850968.9048,850968.9048,20.9215,90,no,,no,pdx
712,94523,1,97218,-122.08,37.95,-122.59,45.58,850417.3628,850417.3628,20.9215,90,no,,no,pdx
713,94526,1,97218,-121.99,37.81,-122.59,45.58,866381.6389,866381.6389,20.9215,90,no,,no,pdx
714,94530,3,97218,-122.3,37.91,-122.59,45.58,854158.4514,2562475.354,20.9215,90,no,,no,pdx
715,94539,3,97218,-121.9,37.52,-122.59,45.58,899064.4046,2697193.214,20.9215,90,no,,no,pdx
716,94541,1,97218,-122.11,37.67,-122.59,45.58,881437.7541,881437.7541,20.9215,90,no,,no,pdx
717,94546,2,97218,-122.08,37.72,-122.59,45.58,875993.5321,1751987.064,20.9215,90,no,,no,pdx
718,94549,2,97218,-122.12,37.9,-122.59,45.58,855820.0653,1711640.131,20.9215,90,no,,no,pdx
719,94550,1,97218,-121.6,37.4,-122.59,45.58,914306.5328,914306.5328,20.9215,90,no,,no,pdx
720,94553,2,97218,-122.1,38,-122.59,45.58,844776.4063,1689552.813,20.9215,90,no,,no,pdx
721,94556,3,97218,-122.12,37.84,-122.59,45.58,862493.1282,2587479.384,20.9215,90,no,,no,pdx
722,94558,2,97218,-122.3,38.5,-122.59,45.58,788504.9873,1577009.975,20.9215,90,no,,no,pdx
723,94563,3,97218,-122.19,37.87,-122.59,45.58,858913.1558,2576739.467,20.9215,90,no,,no,pdx
724,94566,2,97218,-121.86,37.65,-122.59,45.58,884840.5008,1769681.002,20.9215,90,no,,no,pdx
725,94568,2,97218,-121.91,37.72,-122.59,45.58,876787.8528,1753575.706,20.9215,90,no,,no,pdx
726,94577,2,97218,-122.16,37.71,-122.59,45.58,876810.4543,1753620.909,20.9215,90,no,,no,pdx
727,94582,4,97218,-121.92,37.76,-122.59,45.58,872290.0786,3489160.314,20.9215,90,no,,no,pdx
728,94586,1,97218,-121.9,37.6,-122.59,45.58,890175.0454,890175.0454,20.9215,90,no,,no,pdx
729,94587,1,97218,-122,37.6,-122.59,45.58,889679.2565,889679.2565,20.9215,90,no,,no,pdx
730,94588,1,97218,-121.9,37.7,-122.59,45.58,879063.8046,879063.8046,20.9215,90,no,,no,pdx
731,94596,1,97218,-122.04,37.89,-122.59,45.58,857259.0505,857259.0505,20.9215,90,no,,no,pdx
732,94602,4,97218,-122.2,37.8,-122.59,45.58,866669.0732,3466676.293,20.9215,90,no,,no,pdx
733,94609,1,97218,-122.26,37.83,-122.59,45.58,863159.627,863159.627,20.9215,90,no,,no,pdx
734,94610,2,97218,-122.24,37.81,-122.59,45.58,865439.0331,1730878.066,20.9215,90,no,,no,pdx
735,94611,2,97218,-122.22,37.83,-122.59,45.58,863271.0705,1726542.141,20.9215,90,no,,no,pdx
736,94618,3,97218,-122.24,37.85,-122.59,45.58,860988.4896,2582965.469,20.9215,90,no,,no,pdx
737,94702,2,97218,-122.29,37.86,-122.59,45.58,859746.0469,1719492.094,20.9215,90,no,,no,pdx
738,94703,3,97218,-122.27,37.87,-122.59,45.58,858682.8535,2576048.561,20.9215,90,no,,no,pdx
739,94704,1,97218,-122.25,37.87,-122.59,45.58,858735.6366,858735.6366,20.9215,90,no,,no,pdx
740,94705,3,97218,-122.26,37.86,-122.59,45.58,859821.539,2579464.617,20.9215,90,no,,no,pdx
741,94706,2,97218,-122.29,37.89,-122.59,45.58,856407.7089,1712815.418,20.9215,90,no,,no,pdx
742,94707,3,97218,-122.28,37.9,-122.59,45.58,855319.4104,2565958.231,20.9215,90,no,,no,pdx
743,94708,1,97218,-122.25,37.9,-122.59,45.58,855397.6571,855397.6571,20.9215,90,no,,no,pdx
744,94709,1,97218,-122.27,37.88,-122.59,45.58,857570.1314,857570.1314,20.9215,90,no,,no,pdx
745,94710,1,97218,-122.31,37.87,-122.59,45.58,858586.876,858586.876,20.9215,90,no,,no,pdx
746,94803,1,97218,-122.27,37.95,-122.59,45.58,849781.1112,849781.1112,20.9215,90,no,,no,pdx
747,94804,1,97218,-122.34,37.92,-122.59,45.58,852958.7611,852958.7611,20.9215,90,no,,no,pdx
748,94901,1,97218,-122.5,37.97,-122.59,45.58,847174.1091,847174.1091,20.9215,90,no,,no,pdx
749,94903,4,97218,-122.54,38.02,-122.59,45.58,841585.5287,3366342.115,20.9215,90,no,,no,pdx
750,94904,3,97218,-122.55,37.95,-122.59,45.58,849374.1756,2548122.527,20.9215,90,no,,no,pdx
751,94920,1,97218,-122.47,37.89,-122.59,45.58,856104.6264,856104.6264,20.9215,90,no,,no,pdx
752,94928,2,97218,-122.7,38.34,-122.59,45.58,806004.3146,1612008.629,20.9215,90,no,,no,pdx
753,94930,2,97218,-122.7,38,-122.59,45.58,843850.8862,1687701.772,20.9215,90,no,,no,pdx
754,94937,1,97218,-122.9,38.1,-122.59,45.58,833064.6816,833064.6816,20.9215,90,no,,no,pdx
755,94939,3,97218,-122.53,37.94,-122.59,45.58,850495.4296,2551486.289,20.9215,90,no,,no,pdx
756,94941,9,97218,-122.57,37.9,-122.59,45.58,854935.2952,7694417.656,20.9215,90,no,,no,pdx
757,94945,1,97218,-122.56,38.13,-122.59,45.58,829333.9188,829333.9188,20.9215,90,no,,no,pdx
758,94947,1,97218,-122.64,38.1,-122.59,45.58,832680.0664,832680.0664,20.9215,90,no,,no,pdx
759,94952,3,97218,-122.8,38.2,-122.59,45.58,821721.2692,2465163.808,20.9215,90,no,,no,pdx
760,94954,1,97218,-122.6,38.2,-122.59,45.58,821538.258,821538.258,20.9215,90,no,,no,pdx
761,94960,4,97218,-122.59,38,-122.59,45.58,843801.7402,3375206.961,20.9215,90,no,,no,pdx
762,94973,1,97218,-122.642,38.009,-122.59,45.58,842810.8594,842810.8594,20.9215,90,no,,no,pdx
763,95008,3,97218,-121.94,37.28,-122.59,45.58,925533.8271,2776601.481,20.9215,90,no,,no,pdx
764,95010,2,97218,-121.95,36.98,-122.59,45.58,958834.2488,1917668.498,20.9215,90,no,,no,pdx
765,95014,5,97218,-122.07,37.3,-122.59,45.58,922740.3684,4613701.842,20.9215,90,no,,no,pdx
766,95023,1,97218,-121.2,36.9,-122.59,45.58,973189.2099,973189.2099,20.9215,90,no,,no,pdx
767,95030,1,97218,-122,37.23,-122.59,45.58,930814.5269,930814.5269,20.9215,90,no,,no,pdx
768,95032,6,97218,-121.92,37.21,-122.59,45.58,933412.5708,5600475.425,20.9215,90,no,,no,pdx
769,95037,1,97218,-121.7,37.1,-122.59,45.58,946897.7212,946897.7212,20.9215,90,no,,no,pdx
770,95060,2,97218,-122.1,37,-122.59,45.58,955994.7317,1911989.463,20.9215,90,no,,no,pdx
771,95062,2,97218,-121.99,36.97,-122.59,45.58,959766.213,1919532.426,20.9215,90,no,,no,pdx
772,95064,1,97218,-122.06,36.99,-122.59,45.58,957255.2348,957255.2348,20.9215,90,no,,no,pdx
773,95070,1,97218,-122.05,37.27,-122.59,45.58,926155.9984,926155.9984,20.9215,90,no,,no,pdx
774,95073,2,97218,-121.93,37.03,-122.59,45.58,953370.678,1906741.356,20.9215,90,no,,no,pdx
775,95076,2,97218,-121.7,36.9,-122.59,45.58,969102.7735,1938205.547,20.9215,90,no,,no,pdx
776,95117,1,97218,-121.97,37.31,-122.59,45.58,922056.2899,922056.2899,20.9215,90,no,,no,pdx
777,95120,1,97218,-121.84,37.17,-122.59,45.58,938278.3465,938278.3465,20.9215,90,no,,no,pdx
778,95121,1,97218,-121.81,37.3,-122.59,45.58,924007.5227,924007.5227,20.9215,90,no,,no,pdx
779,95124,2,97218,-121.93,37.26,-122.59,45.58,927805.7719,1855611.544,20.9215,90,no,,no,pdx
780,95125,3,97218,-121.9,37.31,-122.59,45.58,922400.4496,2767201.349,20.9215,90,no,,no,pdx
781,95126,1,97218,-121.91,37.32,-122.59,45.58,921237.6984,921237.6984,20.9215,90,no,,no,pdx
782,95129,1,97218,-122,37.31,-122.59,45.58,921920.0166,921920.0166,20.9215,90,no,,no,pdx
783,95133,1,97218,-121.86,37.37,-122.59,45.58,915947.2767,915947.2767,20.9215,90,no,,no,pdx
784,95135,2,97218,-121.7,37.3,-122.59,45.58,924695.4775,1849390.955,20.9215,90,no,,no,pdx
785,95136,1,97218,-121.84,37.27,-122.59,45.58,927168.4219,927168.4219,20.9215,90,no,,no,pdx
786,95382,1,97218,-120.85,37.53,-122.59,45.58,907704.2642,907704.2642,20.9215,90,no,,no,pdx
787,95404,1,97218,-122.6,38.5,-122.59,45.58,788142.4265,788142.4265,20.9215,90,no,,no,pdx
788,95405,1,97218,-122.67,38.44,-122.59,45.58,794848.5857,794848.5857,20.9215,90,no,,no,pdx
789,95442,1,97218,-122.51,38.4,-122.59,45.58,799301.2284,799301.2284,20.9215,90,no,,no,pdx
790,95460,1,97218,-123.7,39.3,-122.59,45.58,704987.8313,704987.8313,20.9215,90,no,,no,pdx
791,95472,3,97218,-122.9,38.4,-122.59,45.58,799683.54,2399050.62,20.9215,90,no,,no,pdx
792,95476,1,97218,-122.5,38.2,-122.59,45.58,821571.5358,821571.5358,20.9215,90,no,,no,pdx
793,95482,1,97218,-123.3,39.1,-122.59,45.58,723703.3464,723703.3464,20.9215,90,no,,no,pdx
794,95490,1,97218,-123.3,39.5,-122.59,45.58,679314.9065,679314.9065,20.9215,90,no,,no,pdx
795,95492,1,97218,-122.82,38.53,-122.59,45.58,785031.6276,785031.6276,20.9215,90,no,,no,pdx
796,95519,1,97218,-124,41,-122.59,45.58,522462.9415,522462.9415,20.9215,90,no,,no,pdx
797,95616,3,97218,-121.82,38.56,-122.59,45.58,784037.847,2352113.541,20.9215,90,no,,no,pdx
798,95618,1,97218,-121.7,38.6,-122.59,45.58,780465.9058,780465.9058,20.9215,90,no,,no,pdx
799,95628,2,97218,-121.26,38.66,-122.59,45.58,778086.6648,1556173.33,20.9215,90,no,,no,pdx
800,95630,1,97218,-121.15,38.67,-122.59,45.58,778313.2777,778313.2777,20.9215,90,no,,no,pdx
801,95646,1,97218,-120.07,38.69,-122.59,45.58,794586.5342,794586.5342,20.9215,90,no,,no,pdx
802,95677,1,97218,-121.23,38.8,-122.59,45.58,763002.626,763002.626,20.9215,90,no,,no,pdx
803,95682,1,97218,-121,38.6,-122.59,45.58,787986.6917,787986.6917,20.9215,90,no,,no,pdx
804,95685,1,97218,-120.7,38.4,-122.59,45.58,814359.8263,814359.8263,20.9215,90,no,,no,pdx
805,95762,1,97218,-121.1,38.7,-122.59,45.58,775649.8998,775649.8998,20.9215,90,no,,no,pdx
806,95776,1,97218,-121.7,38.7,-122.59,45.58,769378.835,769378.835,20.9215,90,no,,no,pdx
807,95818,1,97218,-121.49,38.56,-122.59,45.58,786708.9833,786708.9833,20.9215,90,no,,no,pdx
808,95820,1,97218,-121.45,38.54,-122.59,45.58,789308.2004,789308.2004,20.9215,90,no,,no,pdx
809,95821,1,97218,-121.38,38.63,-122.59,45.58,780070.6877,780070.6877,20.9215,90,no,,no,pdx
810,95831,1,97218,-121.53,38.52,-122.59,45.58,790763.7139,790763.7139,20.9215,90,no,,no,pdx
811,95835,1,97218,-121.53,38.67,-122.59,45.58,774159.5354,774159.5354,20.9215,90,no,,no,pdx
812,95962,1,97218,-121.28,39.37,-122.59,45.58,699582.9703,699582.9703,20.9215,90,no,,no,pdx
813,95969,1,97218,-121.7,39.7,-122.59,45.58,658590.9966,658590.9966,20.9215,90,no,,no,pdx
814,95991,1,97218,-121.6,39,-122.59,45.58,736987.8085,736987.8085,20.9215,90,no,,no,pdx
815,96003,1,97218,-122.3,40.7,-122.59,45.58,543748.4795,543748.4795,20.9215,90,no,,no,pdx
816,96067,1,97218,-122.3,41.3,-122.59,45.58,477022.6902,477022.6902,20.9215,90,no,,no,pdx
817,96103,1,97218,-120.7,39.8,-122.59,45.58,661694.9991,661694.9991,20.9215,90,no,,no,pdx
818,96720,1,97218,-155.2,19.7,-122.59,45.58,4148434.946,4148434.946,20.9215,90,no,,no,pdx
819,96734,1,97218,-157.75,21.4,-122.59,45.58,4174344.974,4174344.974,20.9215,90,no,,no,pdx
820,96741,1,97218,-159.6,22.1,-122.59,45.58,4245267.434,4245267.434,20.9215,90,no,,no,pdx
821,96743,1,97218,-155.6,20,-122.59,45.58,4148632.17,4148632.17,20.9215,90,no,,no,pdx
822,96748,1,97218,-157.019,21.088,-122.59,45.58,4150625.272,4150625.272,20.9215,90,no,,no,pdx
823,96749,1,97218,-155,19.6,-122.59,45.58,4144124.437,4144124.437,20.9215,90,no,,no,pdx
824,96764,1,97218,-155.238,19.988,-122.59,45.58,4125886.376,4125886.376,20.9215,90,no,,no,pdx
825,96768,1,97218,-156.3,20.9,-122.59,45.58,4118011.327,4118011.327,20.9215,90,no,,no,pdx
826,96770,1,97218,-157.21,21.12,-122.59,45.58,4160906.037,4160906.037,20.9215,90,no,,no,pdx
827,96789,1,97218,-157.99,21.46,-122.59,45.58,4185842.406,4185842.406,20.9215,90,no,,no,pdx
828,96818,1,97218,-157.93,21.35,-122.59,45.58,4190875.456,4190875.456,20.9215,90,no,,no,pdx
829,96821,1,97218,-157.75,21.3,-122.59,45.58,4182692.917,4182692.917,20.9215,90,no,,no,pdx
830,96825,1,97218,-157.69,21.29,-122.59,45.58,4179416.858,4179416.858,20.9215,90,no,,no,pdx
831,97006,3,97218,-122.86,45.52,-122.59,45.58,22082.32089,66246.96267,20.9215,90,no,,no,pdx
832,97007,4,97218,-122.88,45.45,-122.59,45.58,26854.08111,107416.3245,20.9215,90,no,,no,pdx
833,97015,1,97218,-122.53,45.41,-122.59,45.58,19494.86674,19494.86674,20.9215,90,no,,no,pdx
834,97024,1,97218,-122.44,45.55,-122.59,45.58,12157.86976,12157.86976,20.9215,90,no,,no,pdx
835,97031,1,97218,-121.7,45.6,-122.59,45.58,69366.42311,69366.42311,20.9215,90,no,,no,pdx
836,97034,3,97218,-122.68,45.41,-122.59,45.58,20185.39235,60556.17706,20.9215,90,yes,,no,pdx
837,97035,3,97218,-122.72,45.41,-122.59,45.58,21471.6729,64415.01871,20.9215,90,yes,,no,pdx
838,97038,1,97218,-122.5,45,-122.59,45.58,64948.87619,64948.87619,20.9215,90,no,,no,pdx
839,97045,3,97218,-122.5,45.3,-122.59,45.58,31952.33306,95856.99919,20.9215,90,no,,no,pdx
840,97051,1,97218,-122.9,45.9,-122.59,45.58,42999.93981,42999.93981,20.9215,90,no,,no,pdx
841,97056,1,97218,-123,45.8,-122.59,45.58,40202.40006,40202.40006,20.9215,90,no,,no,pdx
842,97058,1,97218,-121.2,45.6,-122.59,45.58,108302.5946,108302.5946,20.9215,90,no,,no,pdx
843,97062,1,97218,-122.76,45.37,-122.59,45.58,26880.91432,26880.91432,20.9215,90,no,,no,pdx
844,97068,1,97218,-122.66,45.34,-122.59,45.58,27270.01438,27270.01438,20.9215,90,no,,no,pdx
845,97070,1,97218,-122.78,45.31,-122.59,45.58,33519.82923,33519.82923,20.9215,90,no,,no,pdx
846,97078,1,97218,NA,NA,-122.59,45.58,NA,NA,20.9215,90,no,,no,pdx
847,97080,1,97218,-122.4,45.5,-122.59,45.58,17284.93317,17284.93317,20.9215,90,no,,no,pdx
848,97086,2,97218,-122.53,45.44,-122.59,45.58,16272.43999,32544.87998,20.9215,90,no,,no,pdx
849,97113,1,97218,-123,45.5,-122.59,45.58,33184.70322,33184.70322,20.9215,90,no,,no,pdx
850,97116,2,97218,-123.2,45.6,-122.59,45.58,47571.04078,95142.08156,20.9215,90,no,,no,pdx
851,97124,1,97218,-123,45.6,-122.59,45.58,32016.48795,32016.48795,20.9215,90,no,,no,pdx
852,97128,2,97218,-123.3,45.2,-122.59,45.58,69787.06446,139574.1289,20.9215,90,no,,no,pdx
853,97132,1,97218,-123,45.3,-122.59,45.58,44688.67986,44688.67986,20.9215,90,no,,no,pdx
854,97146,1,97218,-123.9,46.1,-122.59,45.58,116925.3049,116925.3049,20.9215,90,no,,no,pdx
855,97201,3,97218,-122.69,45.51,-122.59,45.58,11022.81199,33068.43598,20.9215,90,no,,no,pdx
856,97202,47,97218,-122.64,45.48,-122.59,45.58,11795.07326,554368.4434,20.9215,90,no,,no,pdx
857,97206,17,97218,-122.6,45.48,-122.59,45.58,11159.23066,189706.9212,20.9215,90,no,,no,pdx
858,97209,2,97218,-122.68,45.53,-122.59,45.58,8955.196175,17910.39235,20.9215,90,no,,no,pdx
859,97210,2,97218,-122.73,45.55,-122.59,45.58,11410.50923,22821.01846,20.9215,90,no,,no,pdx
860,97211,2,97218,-122.64,45.58,-122.59,45.58,3895.696182,7791.392365,20.9215,90,no,,no,pdx
861,97212,2,97218,-122.64,45.54,-122.59,45.58,5917.305518,11834.61104,20.9215,90,no,,no,pdx
862,97213,1,97218,-122.6,45.54,-122.59,45.58,4520.479708,4520.479708,20.9215,90,no,,no,pdx
863,97214,5,97218,-122.64,45.51,-122.59,45.58,8712.996282,43564.98141,20.9215,90,no,,no,pdx
864,97215,5,97218,-122.6,45.51,-122.59,45.58,7831.267889,39156.33944,20.9215,90,no,,no,pdx
865,97216,1,97218,-122.56,45.51,-122.59,45.58,8135.801907,8135.801907,20.9215,90,no,,no,pdx
866,97217,2,97218,-122.71,45.59,-122.59,45.58,9414.879937,18829.75987,20.9215,90,no,,no,pdx
867,97219,10,97218,-122.7,45.45,-122.59,45.58,16824.06723,168240.6723,20.9215,90,no,,no,pdx
868,97220,3,97218,-122.55,45.56,-122.59,45.58,3830.561098,11491.68329,20.9215,90,no,,no,pdx
869,97221,1,97218,-122.73,45.5,-122.59,45.58,14087.64602,14087.64602,20.9215,90,no,,no,pdx
870,97222,1,97218,-122.62,45.44,-122.59,45.58,15759.47026,15759.47026,20.9215,90,no,,no,pdx
871,97223,2,97218,-122.8,45.45,-122.59,45.58,21857.65512,43715.31024,20.9215,90,no,,no,pdx
872,97225,2,97218,-122.78,45.5,-122.59,45.58,17284.93317,34569.86634,20.9215,90,no,,no,pdx
873,97229,6,97218,-122.81,45.55,-122.59,45.58,17467.84648,104807.0789,20.9215,90,no,,no,pdx
874,97230,2,97218,-122.5,45.55,-122.59,45.58,7768.576758,15537.15352,20.9215,90,no,,no,pdx
875,97232,3,97218,-122.64,45.53,-122.59,45.58,6794.853369,20384.56011,20.9215,90,no,,no,pdx
876,97236,2,97218,-122.51,45.48,-122.59,45.58,12760.92291,25521.84583,20.9215,90,no,,no,pdx
877,97239,1,97218,-122.69,45.49,-122.59,45.58,12695.60873,12695.60873,20.9215,90,no,,no,pdx
878,97266,3,97218,-122.56,45.48,-122.59,45.58,11375.128,34125.38401,20.9215,90,no,,no,pdx
879,97302,2,97218,-123.05,44.91,-122.59,45.58,82840.70634,165681.4127,20.9215,90,no,,no,pdx
880,97304,2,97218,-123.1,45,-122.59,45.58,75920.27173,151840.5435,20.9215,90,no,,no,pdx
881,97324,1,97218,-123.6,44.4,-122.59,45.58,153546.236,153546.236,20.9215,90,no,,no,pdx
882,97330,3,97218,-123.3,44.6,-122.59,45.58,122533.9874,367601.9622,20.9215,90,no,,no,pdx
883,97361,1,97218,-123.4,44.8,-122.59,45.58,107597.7161,107597.7161,20.9215,90,no,,no,pdx
884,97370,1,97218,-123.5,44.7,-122.59,45.58,121250.8731,121250.8731,20.9215,90,no,,no,pdx
885,97381,1,97218,-122.6,44.9,-122.59,45.58,75701.31178,75701.31178,20.9215,90,no,,no,pdx
886,97385,1,97218,-122.74,44.86,-122.59,45.58,81008.39577,81008.39577,20.9215,90,no,,no,pdx
887,97394,1,97218,-124,44.4,-122.59,45.58,171974.4324,171974.4324,20.9215,90,no,,no,pdx
888,97404,1,97218,-123.13,44.11,-122.59,45.58,169097.8023,169097.8023,20.9215,90,no,,no,pdx
889,97405,5,97218,-123.1,43.9,-122.59,45.58,191313.8967,956569.4835,20.9215,90,no,,no,pdx
890,97420,1,97218,-124.1,43.4,-122.59,45.58,270672.7463,270672.7463,20.9215,90,no,,no,pdx
891,97424,1,97218,-123,43.7,-122.59,45.58,211784.4468,211784.4468,20.9215,90,no,,no,pdx
892,97456,1,97218,-123.4,44.4,-122.59,45.58,146016.0157,146016.0157,20.9215,90,no,,no,pdx
893,97459,1,97218,-124.1,43.4,-122.59,45.58,270672.7463,270672.7463,20.9215,90,no,,no,pdx
894,97471,1,97218,-123.5,43.2,-122.59,45.58,274646.317,274646.317,20.9215,90,no,,no,pdx
895,97477,1,97218,-123,44.07,-122.59,45.58,171180.4172,171180.4172,20.9215,90,no,,no,pdx
896,97504,1,97218,-122.8,42.3,-122.59,45.58,365515.3405,365515.3405,20.9215,90,no,,no,pdx
897,97520,3,97218,-122.5,42.2,-122.59,45.58,376329.073,1128987.219,20.9215,90,no,,no,pdx
898,97526,1,97218,-123.4,42.5,-122.59,45.58,348931.6057,348931.6057,20.9215,90,no,,no,pdx
899,97527,2,97218,-123.4,42.4,-122.59,45.58,359885.4207,719770.8413,20.9215,90,no,,no,pdx
900,97530,1,97218,-123,42.2,-122.59,45.58,377693.2688,377693.2688,20.9215,90,no,,no,pdx
901,97701,1,97218,-121.3,44,-122.59,45.58,203270.7762,203270.7762,20.9215,90,no,,no,pdx
902,97702,5,97218,-121.3,43.9,-122.59,45.58,213017.5287,1065087.643,20.9215,90,no,,no,pdx
903,97756,1,97218,-121.2,44.3,-122.59,45.58,179714.2441,179714.2441,20.9215,90,no,,no,pdx
904,98004,2,97218,-122.21,47.62,-122.59,45.58,228943.3084,457886.6168,20.9215,90,no,,no,pdx
905,98005,1,97218,-122.17,47.62,-122.59,45.58,229351.5994,229351.5994,20.9215,90,no,,no,pdx
906,98006,4,97218,-122.15,47.56,-122.59,45.58,222968.7402,891874.9607,20.9215,90,no,,no,pdx
907,98008,2,97218,-122.11,47.61,-122.59,45.58,228940.6389,457881.2777,20.9215,90,no,,no,pdx
908,98011,1,97218,-122.2,47.75,-122.59,45.58,243392.7526,243392.7526,20.9215,90,no,,no,pdx
909,98012,4,97218,-122.2,47.84,-122.59,45.58,253336.173,1013344.692,20.9215,90,no,,no,pdx
910,98021,1,97218,-122.2,47.8,-122.59,45.58,248916.1296,248916.1296,20.9215,90,no,,no,pdx
911,98027,2,97218,-122,47.5,-122.59,45.58,218453.8457,436907.6915,20.9215,90,no,,no,pdx
912,98036,2,97218,-122.28,47.8,-122.59,45.58,248259.7423,496519.4845,20.9215,90,no,,no,pdx
913,98039,1,97218,-122.23,47.63,-122.59,45.58,229859.0592,229859.0592,20.9215,90,no,,no,pdx
914,98040,2,97218,-122.23,47.56,-122.59,45.58,222126.9887,444253.9773,20.9215,90,no,,no,pdx
915,98045,1,97218,-121.5,47.5,-122.59,45.58,229444.9515,229444.9515,20.9215,90,no,,no,pdx
916,98050,1,97218,-121.937,47.526,-122.59,45.58,222318.2339,222318.2339,20.9215,90,no,,no,pdx
917,98052,1,97218,-122.12,47.68,-122.59,45.58,236514.4383,236514.4383,20.9215,90,no,,no,pdx
918,98059,2,97218,-122.11,47.5,-122.59,45.58,216869.2726,433738.5452,20.9215,90,no,,no,pdx
919,98070,2,97218,-122.5,47.4,-122.59,45.58,202718.8157,405437.6313,20.9215,90,no,,no,pdx
920,98072,2,97218,-122.13,47.76,-122.59,45.58,245205.8648,490411.7297,20.9215,90,no,,no,pdx
921,98073,1,97218,NA,NA,-122.59,45.58,NA,NA,20.9215,90,no,,no,pdx
922,98074,1,97218,-122.04,47.61,-122.59,45.58,229859.7272,229859.7272,20.9215,90,no,,no,pdx
923,98075,1,97218,-122.02,47.58,-122.59,45.58,226868.646,226868.646,20.9215,90,no,,no,pdx
924,98077,3,97218,-122.06,47.75,-122.59,45.58,244931.2672,734793.8017,20.9215,90,no,,no,pdx
925,98101,1,97218,-122.33,47.61,-122.59,45.58,226851.6577,226851.6577,20.9215,90,no,,no,pdx
926,98103,2,97218,-122.34,47.67,-122.59,45.58,233441.0881,466882.1763,20.9215,90,no,,no,pdx
927,98105,4,97218,-122.3,47.66,-122.59,45.58,232603.2509,930413.0034,20.9215,90,no,,no,pdx
928,98110,4,97218,-122.5,47.6,-122.59,45.58,224970.7037,899882.8149,20.9215,90,no,,no,pdx
929,98112,4,97218,-122.3,47.62,-122.59,45.58,228171.9487,912687.7949,20.9215,90,no,,no,pdx
930,98115,5,97218,-122.29,47.68,-122.59,45.58,234892.5722,1174462.861,20.9215,90,no,,no,pdx
931,98116,2,97218,-122.4,47.58,-122.59,45.58,223112.9059,446225.8117,20.9215,90,no,,no,pdx
932,98117,3,97218,-122.38,47.69,-122.59,45.58,235431.6956,706295.0867,20.9215,90,no,,no,pdx
933,98118,1,97218,-122.26,47.55,-122.59,45.58,220748.3977,220748.3977,20.9215,90,no,,no,pdx
934,98122,1,97218,-122.3,47.61,-122.59,45.58,227064.2544,227064.2544,20.9215,90,no,,no,pdx
935,98125,3,97218,-122.3,47.72,-122.59,45.58,239251.6988,717755.0963,20.9215,90,no,,no,pdx
936,98133,2,97218,-122.34,47.74,-122.59,45.58,241207.1429,482414.2858,20.9215,90,no,,no,pdx
937,98144,2,97218,-122.3,47.58,-122.59,45.58,223741.499,447482.998,20.9215,90,no,,no,pdx
938,98155,1,97218,-122.31,47.76,-122.59,45.58,243616.7138,243616.7138,20.9215,90,no,,no,pdx
939,98166,1,97218,-122.36,47.45,-122.59,45.58,208911.4892,208911.4892,20.9215,90,no,,no,pdx
940,98178,1,97218,-122.25,47.49,-122.59,45.58,214207.8125,214207.8125,20.9215,90,no,,no,pdx
941,98221,1,97218,-122.6,48.5,-122.59,45.58,325053.7975,325053.7975,20.9215,90,no,,no,pdx
942,98225,4,97218,-122.53,48.74,-122.59,45.58,351798.873,1407195.492,20.9215,90,no,,no,pdx
943,98229,2,97218,-122.4,48.7,-122.59,45.58,347614.3279,695228.6557,20.9215,90,no,,no,pdx
944,98233,1,97218,-122.4,48.5,-122.59,45.58,325372.0292,325372.0292,20.9215,90,no,,no,pdx
945,98236,1,97218,-122.42,47.95,-122.59,45.58,264145.267,264145.267,20.9215,90,no,,no,pdx
946,98245,2,97218,-122.9,48.7,-122.59,45.58,348108.2521,696216.5042,20.9215,90,no,,no,pdx
947,98262,1,97218,-122.8,48.7,-122.59,45.58,347680.225,347680.225,20.9215,90,no,,no,pdx
948,98296,1,97218,-122.1,47.9,-122.59,45.58,260950.9082,260950.9082,20.9215,90,no,,no,pdx
949,98333,1,97218,-122.63,47.25,-122.59,45.58,185928.8871,185928.8871,20.9215,90,no,,no,pdx
950,98335,3,97218,-122.62,47.29,-122.59,45.58,190370.2382,571110.7146,20.9215,90,no,,no,pdx
951,98368,1,97218,-122.8,48,-122.59,45.58,269867.9184,269867.9184,20.9215,90,no,,no,pdx
952,98382,1,97218,-123.1,48,-122.59,45.58,272181.2591,272181.2591,20.9215,90,no,,no,pdx
953,98387,1,97218,-122.4,47.1,-122.59,45.58,169834.3534,169834.3534,20.9215,90,no,,no,pdx
954,98404,1,97218,-122.41,47.21,-122.59,45.58,181976.1127,181976.1127,20.9215,90,no,,no,pdx
955,98405,1,97218,-122.47,47.25,-122.59,45.58,186131.4624,186131.4624,20.9215,90,no,,no,pdx
956,98406,2,97218,-122.51,47.26,-122.59,45.58,187117.4519,374234.9039,20.9215,90,no,,no,pdx
957,98407,1,97218,-122.51,47.29,-122.59,45.58,190455.2152,190455.2152,20.9215,90,no,,no,pdx
958,98444,1,97218,-122.45,47.15,-122.59,45.58,175102.0813,175102.0813,20.9215,90,no,,no,pdx
959,98467,1,97218,-122.54,47.2,-122.59,45.58,180378.4231,180378.4231,20.9215,90,no,,no,pdx
960,98498,1,97218,-122.58,47.16,-122.59,45.58,175886.4722,175886.4722,20.9215,90,no,,no,pdx
961,98501,2,97218,-122.9,47,-122.59,45.58,159861.8021,319723.6043,20.9215,90,no,,no,pdx
962,98502,1,97218,-123.1,47.1,-122.59,45.58,173684.7171,173684.7171,20.9215,90,no,,no,pdx
963,98584,1,97218,-123.1,47.3,-122.59,45.58,195424.3781,195424.3781,20.9215,90,no,,no,pdx
964,98607,2,97218,-122.4,45.7,-122.59,45.58,19927.97912,39855.95825,20.9215,90,no,,no,pdx
965,98626,1,97218,-122.7,46.1,-122.59,45.58,58511.33525,58511.33525,20.9215,90,no,,no,pdx
966,98629,1,97218,-122.6,45.9,-122.59,45.58,35630.70817,35630.70817,20.9215,90,no,,no,pdx
967,98642,1,97218,-122.7,45.8,-122.59,45.58,25941.08777,25941.08777,20.9215,90,no,,no,pdx
968,98648,3,97218,-121.9,46,-122.59,45.58,71094.77972,213284.3392,20.9215,90,no,,no,pdx
969,98661,1,97218,-122.63,45.64,-122.59,45.58,7369.793001,7369.793001,20.9215,90,no,,no,pdx
970,98662,2,97218,-122.57,45.69,-122.59,45.58,12343.70378,24687.40755,20.9215,90,no,,no,pdx
971,98663,1,97218,-122.66,45.65,-122.59,45.58,9509.452211,9509.452211,20.9215,90,no,,no,pdx
972,98665,1,97218,-122.66,45.7,-122.59,45.58,14426.62259,14426.62259,20.9215,90,no,,no,pdx
973,98671,2,97218,-122.2,45.7,-122.59,45.58,33163.29053,66326.58106,20.9215,90,no,,no,pdx
974,98684,1,97218,-122.52,45.63,-122.59,45.58,7790.982901,7790.982901,20.9215,90,no,,no,pdx
975,98814,1,97218,-120.2,48.2,-122.59,45.58,343649.2446,343649.2446,20.9215,90,no,,no,pdx
976,98826,1,97218,-120.8,47.7,-122.59,45.58,272766.165,272766.165,20.9215,90,no,,no,pdx
977,98901,1,97218,-120.4,46.7,-122.59,45.58,209936.6095,209936.6095,20.9215,90,no,,no,pdx
978,99205,1,97218,-117.45,47.69,-122.59,45.58,457600.8047,457600.8047,20.9215,90,no,,no,pdx
979,99362,2,97218,-118.3,46.1,-122.59,45.58,337653.6156,675307.2312,20.9215,90,no,,no,pdx
980,99501,1,97218,-149.8,61.3,-122.59,45.58,2479196.577,2479196.577,20.9215,90,no,,no,pdx
981,99507,2,97218,-149.7,61.2,-122.59,45.58,2468715.669,4937431.339,20.9215,90,no,,no,pdx
982,99517,2,97218,-149.95,61.19,-122.59,45.58,2479478.865,4958957.73,20.9215,90,no,,no,pdx
983,99709,2,97218,-147.7,64.6,-122.59,45.58,2616444.64,5232889.281,20.9215,90,no,,no,pdx
984,99801,1,97218,-134,58,-122.59,45.58,1585364.869,1585364.869,20.9215,90,no,,no,pdx
985,99824,1,97218,-134.39,58.25,-122.59,45.58,1621283.925,1621283.925,20.9215,90,no,,no,pdx
986,"Accra,  Ghana",1,97218,NA,NA,-122.59,45.58,NA,NA,20.9215,90,no,ACC,yes,pdx
987,"Aizuwakamatsu-Shi,  Japan",1,97218,NA,NA,-122.59,45.58,NA,NA,20.9215,90,no,FKS,yes,pdx
988,"Antananarivo,  Madagascar",1,97218,NA,NA,-122.59,45.58,NA,NA,20.9215,90,no,TNR,yes,pdx
989,"Antwerp,  Belgium",1,97218,NA,NA,-122.59,45.58,NA,NA,20.9215,90,no,ANR,yes,pdx
990,"Banff, AB Canada",1,97218,NA,NA,-122.59,45.58,NA,NA,20.9215,90,no,YYC,yes,pdx
991,"Bangalore,  India",3,97218,NA,NA,-122.59,45.58,NA,NA,20.9215,90,no,BCN,yes,pdx
992,"Barcelona,  Spain",1,97218,NA,NA,-122.59,45.58,NA,NA,20.9215,90,no,BLR,yes,pdx
993,"Beijing Shi,  China",1,97218,NA,NA,-122.59,45.58,NA,NA,20.9215,90,no,PEK,yes,pdx
994,"Beijing,  China",22,97218,NA,NA,-122.59,45.58,NA,NA,20.9215,90,no,PEK,yes,pdx
995,"Berlin,  Germany",1,97218,NA,NA,-122.59,45.58,NA,NA,20.9215,90,no,BER,yes,pdx
996,"Binefar,  Spain",1,97218,NA,NA,-122.59,45.58,NA,NA,20.9215,90,no,BCN,yes,pdx
997,"Cairo,  Egypt",1,97218,NA,NA,-122.59,45.58,NA,NA,20.9215,90,no,CAI,yes,pdx
998,"Chandigarh,  India",1,97218,NA,NA,-122.59,45.58,NA,NA,20.9215,90,no,IXC,yes,pdx
999,"Changshu,  China",1,97218,NA,NA,-122.59,45.58,NA,NA,20.9215,90,no,PVG,yes,pdx
1000,"Chengdu Shi,  China",2,97218,NA,NA,-122.59,45.58,NA,NA,20.9215,90,no,CTU,yes,pdx
1001,"Chengdu,  China",2,97218,NA,NA,-122.59,45.58,NA,NA,20.9215,90,no,CTU,yes,pdx
1002,"Chennai,  India",1,97218,NA,NA,-122.59,45.58,NA,NA,20.9215,90,no,MAA,yes,pdx
1003,"Chongqing,  China",1,97218,NA,NA,-122.59,45.58,NA,NA,20.9215,90,no,CKG,yes,pdx
1004,"Ciudad de Mexico,  Mexico",1,97218,NA,NA,-122.59,45.58,NA,NA,20.9215,90,no,MEX,yes,pdx
1005,"Coyoacan,  Mexico",1,97218,NA,NA,-122.59,45.58,NA,NA,20.9215,90,no,MEX,yes,pdx
1006,"Dachengjun,  China",1,97218,NA,NA,-122.59,45.58,NA,NA,20.9215,90,no,CTU,yes,pdx
1007,"Danjiangkou Hubei,  China",1,97218,NA,NA,-122.59,45.58,NA,NA,20.9215,90,no,CGO,yes,pdx
1008,"Dhaka,  Bangladesh",1,97218,NA,NA,-122.59,45.58,NA,NA,20.9215,90,no,DAC,yes,pdx
1009,"Double Bay,  Australia",1,97218,NA,NA,-122.59,45.58,NA,NA,20.9215,90,no,SYD,yes,pdx
1010,"Dubai,  United Arab Emirates",1,97218,NA,NA,-122.59,45.58,NA,NA,20.9215,90,no,DXB,yes,pdx
1011,"East Bergholt,  United Kingdom",1,97218,NA,NA,-122.59,45.58,NA,NA,20.9215,90,no,STN,yes,pdx
1012,"Gangnam-gu,  South Korea",1,97218,NA,NA,-122.59,45.58,NA,NA,20.9215,90,no,ICN,yes,pdx
1013,"Gurgaon,  India",1,97218,NA,NA,-122.59,45.58,NA,NA,20.9215,90,no,DEL,yes,pdx
1014,"Ha Noi,  Vietnam",1,97218,NA,NA,-122.59,45.58,NA,NA,20.9215,90,no,HAN,yes,pdx
1015,"Haicheng,  China",1,97218,NA,NA,-122.59,45.58,NA,NA,20.9215,90,no,WUX,yes,pdx
1016,"Hangzhou,  China",1,97218,NA,NA,-122.59,45.58,NA,NA,20.9215,90,no,HGH,yes,pdx
1017,"Hereford,  United Kingdom",1,97218,NA,NA,-122.59,45.58,NA,NA,20.9215,90,no,BRS,yes,pdx
1018,"Ho Chi Minh City,  Vietnam",1,97218,NA,NA,-122.59,45.58,NA,NA,20.9215,90,no,SGN,yes,pdx
1019,"Hong Kong,  Hong Kong",1,97218,NA,NA,-122.59,45.58,NA,NA,20.9215,90,no,HKG,yes,pdx
1020,"Hyderabad,  India",1,97218,NA,NA,-122.59,45.58,NA,NA,20.9215,90,no,HYD,yes,pdx
1021,"Ikoyi,  Nigeria",1,97218,NA,NA,-122.59,45.58,NA,NA,20.9215,90,no,LOS,yes,pdx
1022,"Istanbul,  Turkey",1,97218,NA,NA,-122.59,45.58,NA,NA,20.9215,90,no,IST,yes,pdx
1023,"Jakarta,  Indonesia",1,97218,NA,NA,-122.59,45.58,NA,NA,20.9215,90,no,CGK,yes,pdx
1024,"Jeonju,  South Korea",1,97218,NA,NA,-122.59,45.58,NA,NA,20.9215,90,no,ICN,yes,pdx
1025,"Jinan Shandong,  China",1,97218,NA,NA,-122.59,45.58,NA,NA,20.9215,90,no,TNA,yes,pdx
1026,"Jinan,  China",1,97218,NA,NA,-122.59,45.58,NA,NA,20.9215,90,no,TNA,yes,pdx
1027,"Karachi,  Pakistan",1,97218,NA,NA,-122.59,45.58,NA,NA,20.9215,90,no,KHI,yes,pdx
1028,"Kathmandu Bagmati,  Nepal",1,97218,NA,NA,-122.59,45.58,NA,NA,20.9215,90,no,KTM,yes,pdx
1029,"Kathmandu,  Nepal",1,97218,NA,NA,-122.59,45.58,NA,NA,20.9215,90,no,KTM,yes,pdx
1030,"Kolkata,  India",1,97218,NA,NA,-122.59,45.58,NA,NA,20.9215,90,no,CCU,yes,pdx
1031,"Kunming,  China",1,97218,NA,NA,-122.59,45.58,NA,NA,20.9215,90,no,KMG,yes,pdx
1032,"Kyoto,  Japan",1,97218,NA,NA,-122.59,45.58,NA,NA,20.9215,90,no,ITM,yes,pdx
1033,"Leamington Spa,  United Kingdom",1,97218,NA,NA,-122.59,45.58,NA,NA,20.9215,90,no,LHR,yes,pdx
1034,"Lewes,  United Kingdom",1,97218,NA,NA,-122.59,45.58,NA,NA,20.9215,90,no,LGW,yes,pdx
1035,"London,  United Kingdom",1,97218,NA,NA,-122.59,45.58,NA,NA,20.9215,90,no,LHR,yes,pdx
1036,"Longgang Guangdong,  China",1,97218,NA,NA,-122.59,45.58,NA,NA,20.9215,90,no,SZX,yes,pdx
1037,"Longyan Fujian,  China",1,97218,NA,NA,-122.59,45.58,NA,NA,20.9215,90,no,SWA,yes,pdx
1038,"Madrid,  Spain",1,97218,NA,NA,-122.59,45.58,NA,NA,20.9215,90,no,MAD,yes,pdx
1039,"Mahottari,  Nepal",1,97218,NA,NA,-122.59,45.58,NA,NA,20.9215,90,no,KTM,yes,pdx
1040,"Makati City,  Philippines",1,97218,NA,NA,-122.59,45.58,NA,NA,20.9215,90,no,MNL,yes,pdx
1041,"Mid-Levels,  Hong Kong",1,97218,NA,NA,-122.59,45.58,NA,NA,20.9215,90,no,HKG,yes,pdx
1042,"Miguel Hidalgo,  Mexico",1,97218,NA,NA,-122.59,45.58,NA,NA,20.9215,90,no,GDL,yes,pdx
1043,"Mumbai,  India",2,97218,NA,NA,-122.59,45.58,NA,NA,20.9215,90,no,BOM,yes,pdx
1044,"Mytishchi,  Russia",1,97218,NA,NA,-122.59,45.58,NA,NA,20.9215,90,no,SVO,yes,pdx
1045,"Nairobi,  Kenya",1,97218,NA,NA,-122.59,45.58,NA,NA,20.9215,90,no,WIL,yes,pdx
1046,"Nam Dinh,  Vietnam",1,97218,NA,NA,-122.59,45.58,NA,NA,20.9215,90,no,HAN,yes,pdx
1047,"Nanjing, Jiangsu,  China",1,97218,NA,NA,-122.59,45.58,NA,NA,20.9215,90,no,NKG,yes,pdx
1048,"Nanning Shi,  China",1,97218,NA,NA,-122.59,45.58,NA,NA,20.9215,90,no,NNG,yes,pdx
1049,"Nashik Maharashtra ,  India",1,97218,NA,NA,-122.59,45.58,NA,NA,20.9215,90,no,BOM,yes,pdx
1050,"Natore,  Bangladesh",1,97218,NA,NA,-122.59,45.58,NA,NA,20.9215,90,no,DAC,yes,pdx
1051,"New Delhi,  India",2,97218,NA,NA,-122.59,45.58,NA,NA,20.9215,90,no,DEL,yes,pdx
1052,"Newtown,  Australia",1,97218,NA,NA,-122.59,45.58,NA,NA,20.9215,90,no,"Newtown,  Australia",yes,pdx
1053,"Ningbo Zhejiang,  China",1,97218,NA,NA,-122.59,45.58,NA,NA,20.9215,90,no,NGB,yes,pdx
1054,"Pune,  India",1,97218,NA,NA,-122.59,45.58,NA,NA,20.9215,90,no,PNQ,yes,pdx
1055,"Quenington,  United Kingdom",1,97218,NA,NA,-122.59,45.58,NA,NA,20.9215,90,no,BHX,yes,pdx
1056,"Rio De Janeiro,  Brazil",1,97218,NA,NA,-122.59,45.58,NA,NA,20.9215,90,no,GIG,yes,pdx
1057,"Ruian,  China",1,97218,NA,NA,-122.59,45.58,NA,NA,20.9215,90,no,WNZ,yes,pdx
1058,"Sao Paulo,  Brazil",1,97218,NA,NA,-122.59,45.58,NA,NA,20.9215,90,no,GRU,yes,pdx
1059,"Seoul,  South Korea",3,97218,NA,NA,-122.59,45.58,NA,NA,20.9215,90,no,ICN,yes,pdx
1060,"Shanghai Shi,  China",1,97218,NA,NA,-122.59,45.58,NA,NA,20.9215,90,no,PVG,yes,pdx
1061,"Shanghai,  China",14,97218,NA,NA,-122.59,45.58,NA,NA,20.9215,90,no,PVG,yes,pdx
1062,"Shashmane,  Ethiopia",1,97218,NA,NA,-122.59,45.58,NA,NA,20.9215,90,no,ADD,yes,pdx
1063,"Shenzhen Guangdong,  China",1,97218,NA,NA,-122.59,45.58,NA,NA,20.9215,90,no,SZX,yes,pdx
1064,"Silverton, BC Canada",1,97218,NA,NA,-122.59,45.58,NA,NA,20.9215,90,no,YVR,yes,pdx
1065,"Suzhou,  China",3,97218,NA,NA,-122.59,45.58,NA,NA,20.9215,90,no,WUX,yes,pdx
1066,"Sydney,  Australia",1,97218,NA,NA,-122.59,45.58,NA,NA,20.9215,90,no,SYD,yes,pdx
1067,"Taipei City,  Taiwan",1,97218,NA,NA,-122.59,45.58,NA,NA,20.9215,90,no,TPE,yes,pdx
1068,"Tbilisi,  Georgia",1,97218,NA,NA,-122.59,45.58,NA,NA,20.9215,90,no,TBS,yes,pdx
1069,"Tianjin Shi,  China",1,97218,NA,NA,-122.59,45.58,NA,NA,20.9215,90,no,TSN,yes,pdx
1070,"Tianjin,  China",2,97218,NA,NA,-122.59,45.58,NA,NA,20.9215,90,no,TSN,yes,pdx
1071,"Toronto, ON Canada",1,97218,NA,NA,-122.59,45.58,NA,NA,20.9215,90,no,YYZ,yes,pdx
1072,"Urumqi Xinjiang,  China",1,97218,NA,NA,-122.59,45.58,NA,NA,20.9215,90,no,URC,yes,pdx
1073,"Vancouver, BC Canada",1,97218,NA,NA,-122.59,45.58,NA,NA,20.9215,90,no,YVR,yes,pdx
1074,"Vinh,  Vietnam",1,97218,NA,NA,-122.59,45.58,NA,NA,20.9215,90,no,YVR,yes,pdx
1075,"West Vancouver, BC Canada",2,97218,NA,NA,-122.59,45.58,NA,NA,20.9215,90,no,VII,yes,pdx
1076,"Wuhan Shi,  China",1,97218,NA,NA,-122.59,45.58,NA,NA,20.9215,90,no,WUH,yes,pdx
1077,"Wuxi,  China",1,97218,NA,NA,-122.59,45.58,NA,NA,20.9215,90,no,WUX,yes,pdx
1078,"Zapopan,  Mexico",1,97218,NA,NA,-122.59,45.58,NA,NA,20.9215,90,no,GDL,yes,pdx
1079,"Zhubei City,  Taiwan",1,97218,NA,NA,-122.59,45.58,NA,NA,20.9215,90,no,TPE,yes,pdx